ESTRUCTURA_ORIGINAL,ESTRUCTURA_CAMBIOS,,,,,,,,,,,,,,,,
CUALITATIVA ,CUALITATIVA ,,,,,,,,,,,,,,,,
TipoDesmovilizacion ,TipoDesmovilizacion ,,,,,,,,,,,,,,,,
"[1] ""Colectiva"" ","[1] ""Colectiva"" ",,,,,,,,,,,,,,,,
"[2] ""Individual"" ","[2] ""Individual"" ",,,,,,,,,,,,,,,,
------------------------ ,------------------------ ,,,,,,,,,,,,,,,,
CUALITATIVA ,CUALITATIVA ,,,,,,,,,,,,,,,,
ExGrupo ,ExGrupo ,,,,,,,,,,,,,,,,
"[1] ""AUC"" ","[1] ""AUC"" ",,,,,,,,,,,,,,,,
"[2] ""ELN"" ","[2] ""ELN"" ",,,,,,,,,,,,,,,,
"[3] ""EPL"" ","[3] ""EPL"" ",,,,,,,,,,,,,,,,
"[4] ""ERG"" ","[4] ""ERG"" ",,,,,,,,,,,,,,,,
"[5] ""ERP"" ","[5] ""ERP"" ",,,,,,,,,,,,,,,,
"[6] ""FARC"" ","[6] ""FARC"" ",,,,,,,,,,,,,,,,
------------------------ ,------------------------ ,,,,,,,,,,,,,,,,
CUANTITATIVA ,FECHA,,,,,,,,,,,,,,,,
AñoDesmovilizacion ,AñoDesmovilizacion ,,,,,,,,,,,,,,,,
MINIMO: 2001 MAXIMO: 2021 ,MINIMO: 2001 MAXIMO: 2021 ,,,,,,,,,,,,,,,,
------------------------ ,------------------------ ,,,,,,,,,,,,,,,,
CUALITATIVA ,CUALITATIVA ,,,,,,,,,,,,,,,,
Ingreso ,Ingreso ,,,,,,,,,,,,,,,,
"[1] ""No"" ","[1] ""No"" ",,,,,,,,,,,,,,,,
"[2] ""Sí"" ","[2] ""Sí"" ",,,,,,,,,,,,,,,,
------------------------ ,------------------------ ,,,,,,,,,,,,,,,,
CUANTITATIVA ,FECHA,,,,,,,,,,,,,,,,
AñoIndependizacion ,AñoIndependizacion ,,,,,,,,,,,,,,,,
MINIMO: 2003 MAXIMO: 2021 ,MINIMO: 2003 MAXIMO: 2021 ,,,,,,,,,,,,,,,,
------------------------ ,------------------------ ,,,,,,,,,,,,,,,,
CUALITATIVA ,CUALITATIVA ,,,,,,,,,,,,,,,,
GrupoEtario ,GrupoEtario ,,,,,,,,,,,,,,,,
"[1] ""Entre 18 y 25 años"" ","[1] ""Entre 18 y 25 años"" ",,,,,,,,,,,,,,,,
"[2] ""Entre 26 y 40 años"" ","[2] ""Entre 26 y 40 años"" ",,,,,,,,,,,,,,,,
"[3] ""Entre 41 y 60 años"" ","[3] ""Entre 41 y 60 años"" ",,,,,,,,,,,,,,,,
"[4] ""Mayor de 60 años"" ","[4] ""Mayor de 60 años"" ",,,,,,,,,,,,,,,,
------------------------ ,------------------------ ,,,,,,,,,,,,,,,,
CUALITATIVA ,CUALITATIVA ,,,,,,,,,,,,,,,,
Sexo ,Sexo ,,,,,,,,,,,,,,,,
"[1] ""Femenino"" ","[1] ""Femenino"" ",,,,,,,,,,,,,,,,
"[2] ""Masculino"" ","[2] ""Masculino"" ",,,,,,,,,,,,,,,,
------------------------ ,------------------------ ,,,,,,,,,,,,,,,,
CUALITATIVA ,CUALITATIVA ,,,,,,,,,,,,,,,,
SituacionFinal ,SituacionFinal ,,,,,,,,,,,,,,,,
"[1] ""Ausente del proceso"" ","[1] ""Ausente del proceso"" ",,,,,,,,,,,,,,,,
"[2] ""Culminado"" ","[2] ""Culminado"" ",,,,,,,,,,,,,,,,
"[3] ""En Proceso"" ","[3] ""En Proceso"" ",,,,,,,,,,,,,,,,
"[4] ""Fuera del Proceso"" ","[4] ""Fuera del Proceso"" ",,,,,,,,,,,,,,,,
"[5] ""No ha ingresado"" ","[5] ""No ha ingresado"" ",,,,,,,,,,,,,,,,
------------------------ ,------------------------ ,,,,,,,,,,,,,,,,
CUALITATIVA ,CUALITATIVA ,,,,,,,,,,,,,,,,
DptoResidencia ,DptoResidencia ,,,,,,,,,,,,,,,,
"[1] ""Amazonas"" ","[1] ""Amazonas"" ",,,,,,,,,,,,,,,,
"[2] ""Antioquia"" ","[2] ""Antioquia"" ",,,,,,,,,,,,,,,,
"[3] ""Arauca"" ","[3] ""Arauca"" ",,,,,,,,,,,,,,,,
"[4] ""Archipiélago de San Andrés. Providencia y Santa Catalina"" ","[4] ""Archipiélago de San Andrés. Providencia y Santa Catalina"" ",,,,,,,,,,,,,,,,
"[5] ""Atlántico"" ","[5] ""Atlántico"" ",,,,,,,,,,,,,,,,
"[6] ""Bogotá D.C."" ","[6] ""Bogotá D.C."" ",,,,,,,,,,,,,,,,
"[7] ""Bolívar"" ","[7] ""Bolívar"" ",,,,,,,,,,,,,,,,
"[8] ""Boyacá"" ","[8] ""Boyacá"" ",,,,,,,,,,,,,,,,
"[9] ""Caldas"" ","[9] ""Caldas"" ",,,,,,,,,,,,,,,,
"[10] ""Caquetá"" ","[10] ""Caquetá"" ",,,,,,,,,,,,,,,,
"[11] ""Casanare"" ","[11] ""Casanare"" ",,,,,,,,,,,,,,,,
"[12] ""Cauca"" ","[12] ""Cauca"" ",,,,,,,,,,,,,,,,
"[13] ""Cesar"" ","[13] ""Cesar"" ",,,,,,,,,,,,,,,,
"[14] ""Chocó"" ","[14] ""Chocó"" ",,,,,,,,,,,,,,,,
"[15] ""Córdoba"" ","[15] ""Córdoba"" ",,,,,,,,,,,,,,,,
"[16] ""Cundinamarca"" ","[16] ""Cundinamarca"" ",,,,,,,,,,,,,,,,
"[17] ""Guainía"" ","[17] ""Guainía"" ",,,,,,,,,,,,,,,,
"[18] ""Guaviare"" ","[18] ""Guaviare"" ",,,,,,,,,,,,,,,,
"[19] ""Huila"" ","[19] ""Huila"" ",,,,,,,,,,,,,,,,
"[20] ""La Guajira"" ","[20] ""La Guajira"" ",,,,,,,,,,,,,,,,
"[21] ""Magdalena"" ","[21] ""Magdalena"" ",,,,,,,,,,,,,,,,
"[22] ""Meta"" ","[22] ""Meta"" ",,,,,,,,,,,,,,,,
"[23] ""Nariño"" ","[23] ""Nariño"" ",,,,,,,,,,,,,,,,
"[24] ""Norte de Santander"" ","[24] ""Norte de Santander"" ",,,,,,,,,,,,,,,,
"[25] ""Putumayo"" ","[25] ""Putumayo"" ",,,,,,,,,,,,,,,,
"[26] ""Quindio"" ","[26] ""Quindio"" ",,,,,,,,,,,,,,,,
"[27] ""Risaralda"" ","[27] ""Risaralda"" ",,,,,,,,,,,,,,,,
"[28] ""Santander"" ","[28] ""Santander"" ",,,,,,,,,,,,,,,,
"[29] ""Sucre"" ","[29] ""Sucre"" ",,,,,,,,,,,,,,,,
"[30] ""Tolima"" ","[30] ""Tolima"" ",,,,,,,,,,,,,,,,
"[31] ""Valle del Cauca"" ","[31] ""Valle del Cauca"" ",,,,,,,,,,,,,,,,
"[32] ""Vaupés"" ","[32] ""Vaupés"" ",,,,,,,,,,,,,,,,
"[33] ""Vichada"" ","[33] ""Vichada"" ",,,,,,,,,,,,,,,,
------------------------ ,------------------------ ,,,,,,,,,,,,,,,,
CUALITATIVA ,CUALITATIVA ,,,,,,,,,,,,,,,,
MunicipioResidencia ,MunicipioResidencia ,,,,,,,,,,,,,,,,
"[1] ""Abejorral"" ","[1] ""Abejorral"" ",,,,,,,,,,,,,,,,
"[2] ""Abrego"" ","[2] ""Abrego"" ",,,,,,,,,,,,,,,,
"[3] ""Acacías"" ","[3] ""Acacías"" ",,,,,,,,,,,,,,,,
"[4] ""Acandí"" ","[4] ""Acandí"" ",,,,,,,,,,,,,,,,
"[5] ""Acevedo"" ","[5] ""Acevedo"" ",,,,,,,,,,,,,,,,
"[6] ""Achí"" ","[6] ""Achí"" ",,,,,,,,,,,,,,,,
"[7] ""Agrado"" ","[7] ""Agrado"" ",,,,,,,,,,,,,,,,
"[8] ""Agua De Dios"" ","[8] ""Agua De Dios"" ",,,,,,,,,,,,,,,,
"[9] ""Aguachica"" ","[9] ""Aguachica"" ",,,,,,,,,,,,,,,,
"[10] ""Aguadas"" ","[10] ""Aguadas"" ",,,,,,,,,,,,,,,,
"[11] ""Aguazul"" ","[11] ""Aguazul"" ",,,,,,,,,,,,,,,,
"[12] ""Agustín Codazzi"" ","[12] ""Agustín Codazzi"" ",,,,,,,,,,,,,,,,
"[13] ""Aipe"" ","[13] ""Aipe"" ",,,,,,,,,,,,,,,,
"[14] ""Albán"" ","[14] ""Albán"" ",,,,,,,,,,,,,,,,
"[15] ""Albania"" ","[15] ""Albania"" ",,,,,,,,,,,,,,,,
"[16] ""Alcalá"" ","[16] ""Alcalá"" ",,,,,,,,,,,,,,,,
"[17] ""Aldana"" ","[17] ""Aldana"" ",,,,,,,,,,,,,,,,
"[18] ""Alejandría"" ","[18] ""Alejandría"" ",,,,,,,,,,,,,,,,
"[19] ""Algarrobo"" ","[19] ""Algarrobo"" ",,,,,,,,,,,,,,,,
"[20] ""Algeciras"" ","[20] ""Algeciras"" ",,,,,,,,,,,,,,,,
"[21] ""Almaguer"" ","[21] ""Almaguer"" ",,,,,,,,,,,,,,,,
"[22] ""Almeida"" ","[22] ""Almeida"" ",,,,,,,,,,,,,,,,
"[23] ""Altamira"" ","[23] ""Altamira"" ",,,,,,,,,,,,,,,,
"[24] ""Alto Baudó"" ","[24] ""Alto Baudó"" ",,,,,,,,,,,,,,,,
"[25] ""Altos Del Rosario"" ","[25] ""Altos Del Rosario"" ",,,,,,,,,,,,,,,,
"[26] ""Alvarado"" ","[26] ""Alvarado"" ",,,,,,,,,,,,,,,,
"[27] ""Amagá"" ","[27] ""Amagá"" ",,,,,,,,,,,,,,,,
"[28] ""Amalfi"" ","[28] ""Amalfi"" ",,,,,,,,,,,,,,,,
"[29] ""Anapoima"" ","[29] ""Anapoima"" ",,,,,,,,,,,,,,,,
"[30] ""Ancuyá"" ","[30] ""Ancuyá"" ",,,,,,,,,,,,,,,,
"[31] ""Andalucía"" ","[31] ""Andalucía"" ",,,,,,,,,,,,,,,,
"[32] ""Andes"" ","[32] ""Andes"" ",,,,,,,,,,,,,,,,
"[33] ""Angelópolis"" ","[33] ""Angelópolis"" ",,,,,,,,,,,,,,,,
"[34] ""Angostura"" ","[34] ""Angostura"" ",,,,,,,,,,,,,,,,
"[35] ""Anolaima"" ","[35] ""Anolaima"" ",,,,,,,,,,,,,,,,
"[36] ""Anorí"" ","[36] ""Anorí"" ",,,,,,,,,,,,,,,,
"[37] ""Anserma"" ","[37] ""Anserma"" ",,,,,,,,,,,,,,,,
"[38] ""Ansermanuevo"" ","[38] ""Ansermanuevo"" ",,,,,,,,,,,,,,,,
"[39] ""Anza"" ","[39] ""Anza"" ",,,,,,,,,,,,,,,,
"[40] ""Anzoátegui"" ","[40] ""Anzoátegui"" ",,,,,,,,,,,,,,,,
"[41] ""Apartadó"" ","[41] ""Apartadó"" ",,,,,,,,,,,,,,,,
"[42] ""Apía"" ","[42] ""Apía"" ",,,,,,,,,,,,,,,,
"[43] ""Apulo"" ","[43] ""Apulo"" ",,,,,,,,,,,,,,,,
"[44] ""Aquitania"" ","[44] ""Aquitania"" ",,,,,,,,,,,,,,,,
"[45] ""Aracataca"" ","[45] ""Aracataca"" ",,,,,,,,,,,,,,,,
"[46] ""Aranzazu"" ","[46] ""Aranzazu"" ",,,,,,,,,,,,,,,,
"[47] ""Aratoca"" ","[47] ""Aratoca"" ",,,,,,,,,,,,,,,,
"[48] ""Arauca"" ","[48] ""Arauca"" ",,,,,,,,,,,,,,,,
"[49] ""Arauquita"" ","[49] ""Arauquita"" ",,,,,,,,,,,,,,,,
"[50] ""Arbeláez"" ","[50] ""Arbeláez"" ",,,,,,,,,,,,,,,,
"[51] ""Arboleda"" ","[51] ""Arboleda"" ",,,,,,,,,,,,,,,,
"[52] ""Arboledas"" ","[52] ""Arboledas"" ",,,,,,,,,,,,,,,,
"[53] ""Arboletes"" ","[53] ""Arboletes"" ",,,,,,,,,,,,,,,,
"[54] ""Arcabuco"" ","[54] ""Arcabuco"" ",,,,,,,,,,,,,,,,
"[55] ""Arenal"" ","[55] ""Arenal"" ",,,,,,,,,,,,,,,,
"[56] ""Argelia"" ","[56] ""Argelia"" ",,,,,,,,,,,,,,,,
"[57] ""Ariguaní"" ","[57] ""Ariguaní"" ",,,,,,,,,,,,,,,,
"[58] ""Arjona"" ","[58] ""Arjona"" ",,,,,,,,,,,,,,,,
"[59] ""Armenia"" ","[59] ""Armenia"" ",,,,,,,,,,,,,,,,
"[60] ""Armero"" ","[60] ""Armero"" ",,,,,,,,,,,,,,,,
"[61] ""Arroyohondo"" ","[61] ""Arroyohondo"" ",,,,,,,,,,,,,,,,
"[62] ""Astrea"" ","[62] ""Astrea"" ",,,,,,,,,,,,,,,,
"[63] ""Ataco"" ","[63] ""Ataco"" ",,,,,,,,,,,,,,,,
"[64] ""Atrato"" ","[64] ""Atrato"" ",,,,,,,,,,,,,,,,
"[65] ""Ayapel"" ","[65] ""Ayapel"" ",,,,,,,,,,,,,,,,
"[66] ""Bagadó"" ","[66] ""Bagadó"" ",,,,,,,,,,,,,,,,
"[67] ""Bahía Solano"" ","[67] ""Bahía Solano"" ",,,,,,,,,,,,,,,,
"[68] ""Bajo Baudó"" ","[68] ""Bajo Baudó"" ",,,,,,,,,,,,,,,,
"[69] ""Balboa"" ","[69] ""Balboa"" ",,,,,,,,,,,,,,,,
"[70] ""Baranoa"" ","[70] ""Baranoa"" ",,,,,,,,,,,,,,,,
"[71] ""Baraya"" ","[71] ""Baraya"" ",,,,,,,,,,,,,,,,
"[72] ""Barbacoas"" ","[72] ""Barbacoas"" ",,,,,,,,,,,,,,,,
"[73] ""Barbosa"" ","[73] ""Barbosa"" ",,,,,,,,,,,,,,,,
"[74] ""Barichara"" ","[74] ""Barichara"" ",,,,,,,,,,,,,,,,
"[75] ""Barranca De Upía"" ","[75] ""Barranca De Upía"" ",,,,,,,,,,,,,,,,
"[76] ""Barrancabermeja"" ","[76] ""Barrancabermeja"" ",,,,,,,,,,,,,,,,
"[77] ""Barrancas"" ","[77] ""Barrancas"" ",,,,,,,,,,,,,,,,
"[78] ""Barranco De Loba"" ","[78] ""Barranco De Loba"" ",,,,,,,,,,,,,,,,
"[79] ""Barranco Minas"" ","[79] ""Barranco Minas"" ",,,,,,,,,,,,,,,,
"[80] ""Barranquilla"" ","[80] ""Barranquilla"" ",,,,,,,,,,,,,,,,
"[81] ""Becerril"" ","[81] ""Becerril"" ",,,,,,,,,,,,,,,,
"[82] ""Belalcázar"" ","[82] ""Belalcázar"" ",,,,,,,,,,,,,,,,
"[83] ""Belén De Los Andaquíes"" ","[83] ""Belén De Los Andaquíes"" ",,,,,,,,,,,,,,,,
"[84] ""Belén De Umbría"" ","[84] ""Belén De Umbría"" ",,,,,,,,,,,,,,,,
"[85] ""Bello"" ","[85] ""Bello"" ",,,,,,,,,,,,,,,,
"[86] ""Belmira"" ","[86] ""Belmira"" ",,,,,,,,,,,,,,,,
"[87] ""Beltrán"" ","[87] ""Beltrán"" ",,,,,,,,,,,,,,,,
"[88] ""Betania"" ","[88] ""Betania"" ",,,,,,,,,,,,,,,,
"[89] ""Betéitiva"" ","[89] ""Betéitiva"" ",,,,,,,,,,,,,,,,
"[90] ""Betulia"" ","[90] ""Betulia"" ",,,,,,,,,,,,,,,,
"[91] ""Bituima"" ","[91] ""Bituima"" ",,,,,,,,,,,,,,,,
"[92] ""Boavita"" ","[92] ""Boavita"" ",,,,,,,,,,,,,,,,
"[93] ""Bochalema"" ","[93] ""Bochalema"" ",,,,,,,,,,,,,,,,
"[94] ""Bogotá"" ","[94] ""Bogotá"" ",,,,,,,,,,,,,,,,
"[95] ""Bojacá"" ","[95] ""Bojacá"" ",,,,,,,,,,,,,,,,
"[96] ""Bolívar"" ","[96] ""Bolívar"" ",,,,,,,,,,,,,,,,
"[97] ""Bosconia"" ","[97] ""Bosconia"" ",,,,,,,,,,,,,,,,
"[98] ""Boyacá"" ","[98] ""Boyacá"" ",,,,,,,,,,,,,,,,
"[99] ""Briceño"" ","[99] ""Briceño"" ",,,,,,,,,,,,,,,,
"[100] ""Bucaramanga"" ","[100] ""Bucaramanga"" ",,,,,,,,,,,,,,,,
"[101] ""Bucarasica"" ","[101] ""Bucarasica"" ",,,,,,,,,,,,,,,,
"[102] ""Buenaventura"" ","[102] ""Buenaventura"" ",,,,,,,,,,,,,,,,
"[103] ""Buenavista"" ","[103] ""Buenavista"" ",,,,,,,,,,,,,,,,
"[104] ""Buenos Aires"" ","[104] ""Buenos Aires"" ",,,,,,,,,,,,,,,,
"[105] ""Buesaco"" ","[105] ""Buesaco"" ",,,,,,,,,,,,,,,,
"[106] ""Bugalagrande"" ","[106] ""Bugalagrande"" ",,,,,,,,,,,,,,,,
"[107] ""Buriticá"" ","[107] ""Buriticá"" ",,,,,,,,,,,,,,,,
"[108] ""Cabrera"" ","[108] ""Cabrera"" ",,,,,,,,,,,,,,,,
"[109] ""Cabuyaro"" ","[109] ""Cabuyaro"" ",,,,,,,,,,,,,,,,
"[110] ""Cáceres"" ","[110] ""Cáceres"" ",,,,,,,,,,,,,,,,
"[111] ""Cachipay"" ","[111] ""Cachipay"" ",,,,,,,,,,,,,,,,
"[112] ""Cachirá"" ","[112] ""Cachirá"" ",,,,,,,,,,,,,,,,
"[113] ""Caicedo"" ","[113] ""Caicedo"" ",,,,,,,,,,,,,,,,
"[114] ""Caicedonia"" ","[114] ""Caicedonia"" ",,,,,,,,,,,,,,,,
"[115] ""Caimito"" ","[115] ""Caimito"" ",,,,,,,,,,,,,,,,
"[116] ""Cajamarca"" ","[116] ""Cajamarca"" ",,,,,,,,,,,,,,,,
"[117] ""Cajibío"" ","[117] ""Cajibío"" ",,,,,,,,,,,,,,,,
"[118] ""Cajicá"" ","[118] ""Cajicá"" ",,,,,,,,,,,,,,,,
"[119] ""Calamar"" ","[119] ""Calamar"" ",,,,,,,,,,,,,,,,
"[120] ""Calarca"" ","[120] ""Calarca"" ",,,,,,,,,,,,,,,,
"[121] ""Caldas"" ","[121] ""Caldas"" ",,,,,,,,,,,,,,,,
"[122] ""Caldono"" ","[122] ""Caldono"" ",,,,,,,,,,,,,,,,
"[123] ""Cali"" ","[123] ""Cali"" ",,,,,,,,,,,,,,,,
"[124] ""Calima"" ","[124] ""Calima"" ",,,,,,,,,,,,,,,,
"[125] ""Caloto"" ","[125] ""Caloto"" ",,,,,,,,,,,,,,,,
"[126] ""Campamento"" ","[126] ""Campamento"" ",,,,,,,,,,,,,,,,
"[127] ""Campo De La Cruz"" ","[127] ""Campo De La Cruz"" ",,,,,,,,,,,,,,,,
"[128] ""Campoalegre"" ","[128] ""Campoalegre"" ",,,,,,,,,,,,,,,,
"[129] ""Canalete"" ","[129] ""Canalete"" ",,,,,,,,,,,,,,,,
"[130] ""Cañasgordas"" ","[130] ""Cañasgordas"" ",,,,,,,,,,,,,,,,
"[131] ""Candelaria"" ","[131] ""Candelaria"" ",,,,,,,,,,,,,,,,
"[132] ""Cantagallo"" ","[132] ""Cantagallo"" ",,,,,,,,,,,,,,,,
"[133] ""Caparrapí"" ","[133] ""Caparrapí"" ",,,,,,,,,,,,,,,,
"[134] ""Caqueza"" ","[134] ""Caqueza"" ",,,,,,,,,,,,,,,,
"[135] ""Caracolí"" ","[135] ""Caracolí"" ",,,,,,,,,,,,,,,,
"[136] ""Caramanta"" ","[136] ""Caramanta"" ",,,,,,,,,,,,,,,,
"[137] ""Carepa"" ","[137] ""Carepa"" ",,,,,,,,,,,,,,,,
"[138] ""Carmen De Apicalá"" ","[138] ""Carmen De Apicalá"" ",,,,,,,,,,,,,,,,
"[139] ""Carmen Del Darien"" ","[139] ""Carmen Del Darien"" ",,,,,,,,,,,,,,,,
"[140] ""Cartagena"" ","[140] ""Cartagena"" ",,,,,,,,,,,,,,,,
"[141] ""Cartagena Del Chairá"" ","[141] ""Cartagena Del Chairá"" ",,,,,,,,,,,,,,,,
"[142] ""Cartago"" ","[142] ""Cartago"" ",,,,,,,,,,,,,,,,
"[143] ""Caruru"" ","[143] ""Caruru"" ",,,,,,,,,,,,,,,,
"[144] ""Castilla La Nueva"" ","[144] ""Castilla La Nueva"" ",,,,,,,,,,,,,,,,
"[145] ""Caucasia"" ","[145] ""Caucasia"" ",,,,,,,,,,,,,,,,
"[146] ""Cereté"" ","[146] ""Cereté"" ",,,,,,,,,,,,,,,,
"[147] ""Cerrito"" ","[147] ""Cerrito"" ",,,,,,,,,,,,,,,,
"[148] ""Chachagüí"" ","[148] ""Chachagüí"" ",,,,,,,,,,,,,,,,
"[149] ""Chaguaní"" ","[149] ""Chaguaní"" ",,,,,,,,,,,,,,,,
"[150] ""Chalán"" ","[150] ""Chalán"" ",,,,,,,,,,,,,,,,
"[151] ""Chameza"" ","[151] ""Chameza"" ",,,,,,,,,,,,,,,,
"[152] ""Chaparral"" ","[152] ""Chaparral"" ",,,,,,,,,,,,,,,,
"[153] ""Charalá"" ","[153] ""Charalá"" ",,,,,,,,,,,,,,,,
"[154] ""Chía"" ","[154] ""Chía"" ",,,,,,,,,,,,,,,,
"[155] ""Chibolo"" ","[155] ""Chibolo"" ",,,,,,,,,,,,,,,,
"[156] ""Chigorodó"" ","[156] ""Chigorodó"" ",,,,,,,,,,,,,,,,
"[157] ""Chima"" ","[157] ""Chima"" ",,,,,,,,,,,,,,,,
"[158] ""Chimá"" ","[158] ""Chimá"" ",,,,,,,,,,,,,,,,
"[159] ""Chimichagua"" ","[159] ""Chimichagua"" ",,,,,,,,,,,,,,,,
"[160] ""Chinácota"" ","[160] ""Chinácota"" ",,,,,,,,,,,,,,,,
"[161] ""Chinavita"" ","[161] ""Chinavita"" ",,,,,,,,,,,,,,,,
"[162] ""Chinchiná"" ","[162] ""Chinchiná"" ",,,,,,,,,,,,,,,,
"[163] ""Chinú"" ","[163] ""Chinú"" ",,,,,,,,,,,,,,,,
"[164] ""Chipaque"" ","[164] ""Chipaque"" ",,,,,,,,,,,,,,,,
"[165] ""Chipatá"" ","[165] ""Chipatá"" ",,,,,,,,,,,,,,,,
"[166] ""Chiquinquirá"" ","[166] ""Chiquinquirá"" ",,,,,,,,,,,,,,,,
"[167] ""Chiriguaná"" ","[167] ""Chiriguaná"" ",,,,,,,,,,,,,,,,
"[168] ""Chita"" ","[168] ""Chita"" ",,,,,,,,,,,,,,,,
"[169] ""Chitaraque"" ","[169] ""Chitaraque"" ",,,,,,,,,,,,,,,,
"[170] ""Chivor"" ","[170] ""Chivor"" ",,,,,,,,,,,,,,,,
"[171] ""Choachí"" ","[171] ""Choachí"" ",,,,,,,,,,,,,,,,
"[172] ""Chocontá"" ","[172] ""Chocontá"" ",,,,,,,,,,,,,,,,
"[173] ""Cicuco"" ","[173] ""Cicuco"" ",,,,,,,,,,,,,,,,
"[174] ""Ciénaga"" ","[174] ""Ciénaga"" ",,,,,,,,,,,,,,,,
"[175] ""Ciénaga De Oro"" ","[175] ""Ciénaga De Oro"" ",,,,,,,,,,,,,,,,
"[176] ""Cimitarra"" ","[176] ""Cimitarra"" ",,,,,,,,,,,,,,,,
"[177] ""Circasia"" ","[177] ""Circasia"" ",,,,,,,,,,,,,,,,
"[178] ""Cisneros"" ","[178] ""Cisneros"" ",,,,,,,,,,,,,,,,
"[179] ""Ciudad Bolívar"" ","[179] ""Ciudad Bolívar"" ",,,,,,,,,,,,,,,,
"[180] ""Clemencia"" ","[180] ""Clemencia"" ",,,,,,,,,,,,,,,,
"[181] ""Cocorná"" ","[181] ""Cocorná"" ",,,,,,,,,,,,,,,,
"[182] ""Coello"" ","[182] ""Coello"" ",,,,,,,,,,,,,,,,
"[183] ""Colombia"" ","[183] ""Colombia"" ",,,,,,,,,,,,,,,,
"[184] ""Colón"" ","[184] ""Colón"" ",,,,,,,,,,,,,,,,
"[185] ""Coloso"" ","[185] ""Coloso"" ",,,,,,,,,,,,,,,,
"[186] ""Cómbita"" ","[186] ""Cómbita"" ",,,,,,,,,,,,,,,,
"[187] ""Concepción"" ","[187] ""Concepción"" ",,,,,,,,,,,,,,,,
"[188] ""Concordia"" ","[188] ""Concordia"" ",,,,,,,,,,,,,,,,
"[189] ""Condoto"" ","[189] ""Condoto"" ",,,,,,,,,,,,,,,,
"[190] ""Confines"" ","[190] ""Confines"" ",,,,,,,,,,,,,,,,
"[191] ""Consaca"" ","[191] ""Consaca"" ",,,,,,,,,,,,,,,,
"[192] ""Contratación"" ","[192] ""Contratación"" ",,,,,,,,,,,,,,,,
"[193] ""Convención"" ","[193] ""Convención"" ",,,,,,,,,,,,,,,,
"[194] ""Copacabana"" ","[194] ""Copacabana"" ",,,,,,,,,,,,,,,,
"[195] ""Córdoba"" ","[195] ""Córdoba"" ",,,,,,,,,,,,,,,,
"[196] ""Corinto"" ","[196] ""Corinto"" ",,,,,,,,,,,,,,,,
"[197] ""Corozal"" ","[197] ""Corozal"" ",,,,,,,,,,,,,,,,
"[198] ""Corrales"" ","[198] ""Corrales"" ",,,,,,,,,,,,,,,,
"[199] ""Cota"" ","[199] ""Cota"" ",,,,,,,,,,,,,,,,
"[200] ""Cotorra"" ","[200] ""Cotorra"" ",,,,,,,,,,,,,,,,
"[201] ""Covarachía"" ","[201] ""Covarachía"" ",,,,,,,,,,,,,,,,
"[202] ""Coveñas"" ","[202] ""Coveñas"" ",,,,,,,,,,,,,,,,
"[203] ""Coyaima"" ","[203] ""Coyaima"" ",,,,,,,,,,,,,,,,
"[204] ""Cravo Norte"" ","[204] ""Cravo Norte"" ",,,,,,,,,,,,,,,,
"[205] ""Cubará"" ","[205] ""Cubará"" ",,,,,,,,,,,,,,,,
"[206] ""Cubarral"" ","[206] ""Cubarral"" ",,,,,,,,,,,,,,,,
"[207] ""Cúcuta"" ","[207] ""Cúcuta"" ",,,,,,,,,,,,,,,,
"[208] ""Cucutilla"" ","[208] ""Cucutilla"" ",,,,,,,,,,,,,,,,
"[209] ""Cumaral"" ","[209] ""Cumaral"" ",,,,,,,,,,,,,,,,
"[210] ""Cumaribo"" ","[210] ""Cumaribo"" ",,,,,,,,,,,,,,,,
"[211] ""Cumbal"" ","[211] ""Cumbal"" ",,,,,,,,,,,,,,,,
"[212] ""Cunday"" ","[212] ""Cunday"" ",,,,,,,,,,,,,,,,
"[213] ""Curillo"" ","[213] ""Curillo"" ",,,,,,,,,,,,,,,,
"[214] ""Curití"" ","[214] ""Curití"" ",,,,,,,,,,,,,,,,
"[215] ""Curumaní"" ","[215] ""Curumaní"" ",,,,,,,,,,,,,,,,
"[216] ""Dabeiba"" ","[216] ""Dabeiba"" ",,,,,,,,,,,,,,,,
"[217] ""Dagua"" ","[217] ""Dagua"" ",,,,,,,,,,,,,,,,
"[218] ""Dibulla"" ","[218] ""Dibulla"" ",,,,,,,,,,,,,,,,
"[219] ""Distracción"" ","[219] ""Distracción"" ",,,,,,,,,,,,,,,,
"[220] ""Dolores"" ","[220] ""Dolores"" ",,,,,,,,,,,,,,,,
"[221] ""Don Matías"" ","[221] ""Don Matías"" ",,,,,,,,,,,,,,,,
"[222] ""Dosquebradas"" ","[222] ""Dosquebradas"" ",,,,,,,,,,,,,,,,
"[223] ""Duitama"" ","[223] ""Duitama"" ",,,,,,,,,,,,,,,,
"[224] ""Durania"" ","[224] ""Durania"" ",,,,,,,,,,,,,,,,
"[225] ""Ebéjico"" ","[225] ""Ebéjico"" ",,,,,,,,,,,,,,,,
"[226] ""El Águila"" ","[226] ""El Águila"" ",,,,,,,,,,,,,,,,
"[227] ""El Bagre"" ","[227] ""El Bagre"" ",,,,,,,,,,,,,,,,
"[228] ""El Banco"" ","[228] ""El Banco"" ",,,,,,,,,,,,,,,,
"[229] ""El Cairo"" ","[229] ""El Cairo"" ",,,,,,,,,,,,,,,,
"[230] ""El Cantón Del San Pablo"" ","[230] ""El Cantón Del San Pablo"" ",,,,,,,,,,,,,,,,
"[231] ""El Carmen"" ","[231] ""El Carmen"" ",,,,,,,,,,,,,,,,
"[232] ""El Carmen De Atrato"" ","[232] ""El Carmen De Atrato"" ",,,,,,,,,,,,,,,,
"[233] ""El Carmen De Bolívar"" ","[233] ""El Carmen De Bolívar"" ",,,,,,,,,,,,,,,,
"[234] ""El Carmen De Chucurí"" ","[234] ""El Carmen De Chucurí"" ",,,,,,,,,,,,,,,,
"[235] ""El Carmen De Viboral"" ","[235] ""El Carmen De Viboral"" ",,,,,,,,,,,,,,,,
"[236] ""El Castillo"" ","[236] ""El Castillo"" ",,,,,,,,,,,,,,,,
"[237] ""El Cerrito"" ","[237] ""El Cerrito"" ",,,,,,,,,,,,,,,,
"[238] ""El Charco"" ","[238] ""El Charco"" ",,,,,,,,,,,,,,,,
"[239] ""El Cocuy"" ","[239] ""El Cocuy"" ",,,,,,,,,,,,,,,,
"[240] ""El Colegio"" ","[240] ""El Colegio"" ",,,,,,,,,,,,,,,,
"[241] ""El Copey"" ","[241] ""El Copey"" ",,,,,,,,,,,,,,,,
"[242] ""El Doncello"" ","[242] ""El Doncello"" ",,,,,,,,,,,,,,,,
"[243] ""El Dorado"" ","[243] ""El Dorado"" ",,,,,,,,,,,,,,,,
"[244] ""El Dovio"" ","[244] ""El Dovio"" ",,,,,,,,,,,,,,,,
"[245] ""El Guamo"" ","[245] ""El Guamo"" ",,,,,,,,,,,,,,,,
"[246] ""El Molino"" ","[246] ""El Molino"" ",,,,,,,,,,,,,,,,
"[247] ""El Paso"" ","[247] ""El Paso"" ",,,,,,,,,,,,,,,,
"[248] ""El Paujil"" ","[248] ""El Paujil"" ",,,,,,,,,,,,,,,,
"[249] ""El Peñol"" ","[249] ""El Peñol"" ",,,,,,,,,,,,,,,,
"[250] ""El Peñón"" ","[250] ""El Peñón"" ",,,,,,,,,,,,,,,,
"[251] ""El Piñon"" ","[251] ""El Piñon"" ",,,,,,,,,,,,,,,,
"[252] ""El Playón"" ","[252] ""El Playón"" ",,,,,,,,,,,,,,,,
"[253] ""El Retén"" ","[253] ""El Retén"" ",,,,,,,,,,,,,,,,
"[254] ""El Retorno"" ","[254] ""El Retorno"" ",,,,,,,,,,,,,,,,
"[255] ""El Roble"" ","[255] ""El Roble"" ",,,,,,,,,,,,,,,,
"[256] ""El Rosal"" ","[256] ""El Rosal"" ",,,,,,,,,,,,,,,,
"[257] ""El Rosario"" ","[257] ""El Rosario"" ",,,,,,,,,,,,,,,,
"[258] ""El Santuario"" ","[258] ""El Santuario"" ",,,,,,,,,,,,,,,,
"[259] ""El Tablón De Gómez"" ","[259] ""El Tablón De Gómez"" ",,,,,,,,,,,,,,,,
"[260] ""El Tambo"" ","[260] ""El Tambo"" ",,,,,,,,,,,,,,,,
"[261] ""El Tarra"" ","[261] ""El Tarra"" ",,,,,,,,,,,,,,,,
"[262] ""El Zulia"" ","[262] ""El Zulia"" ",,,,,,,,,,,,,,,,
"[263] ""Elías"" ","[263] ""Elías"" ",,,,,,,,,,,,,,,,
"[264] ""Enciso"" ","[264] ""Enciso"" ",,,,,,,,,,,,,,,,
"[265] ""Entrerrios"" ","[265] ""Entrerrios"" ",,,,,,,,,,,,,,,,
"[266] ""Envigado"" ","[266] ""Envigado"" ",,,,,,,,,,,,,,,,
"[267] ""Espinal"" ","[267] ""Espinal"" ",,,,,,,,,,,,,,,,
"[268] ""Facatativá"" ","[268] ""Facatativá"" ",,,,,,,,,,,,,,,,
"[269] ""Falan"" ","[269] ""Falan"" ",,,,,,,,,,,,,,,,
"[270] ""Filadelfia"" ","[270] ""Filadelfia"" ",,,,,,,,,,,,,,,,
"[271] ""Filandia"" ","[271] ""Filandia"" ",,,,,,,,,,,,,,,,
"[272] ""Flandes"" ","[272] ""Flandes"" ",,,,,,,,,,,,,,,,
"[273] ""Florencia"" ","[273] ""Florencia"" ",,,,,,,,,,,,,,,,
"[274] ""Florida"" ","[274] ""Florida"" ",,,,,,,,,,,,,,,,
"[275] ""Floridablanca"" ","[275] ""Floridablanca"" ",,,,,,,,,,,,,,,,
"[276] ""Fomeque"" ","[276] ""Fomeque"" ",,,,,,,,,,,,,,,,
"[277] ""Fonseca"" ","[277] ""Fonseca"" ",,,,,,,,,,,,,,,,
"[278] ""Fortul"" ","[278] ""Fortul"" ",,,,,,,,,,,,,,,,
"[279] ""Francisco Pizarro"" ","[279] ""Francisco Pizarro"" ",,,,,,,,,,,,,,,,
"[280] ""Fredonia"" ","[280] ""Fredonia"" ",,,,,,,,,,,,,,,,
"[281] ""Fresno"" ","[281] ""Fresno"" ",,,,,,,,,,,,,,,,
"[282] ""Frontino"" ","[282] ""Frontino"" ",,,,,,,,,,,,,,,,
"[283] ""Fuente De Oro"" ","[283] ""Fuente De Oro"" ",,,,,,,,,,,,,,,,
"[284] ""Fundación"" ","[284] ""Fundación"" ",,,,,,,,,,,,,,,,
"[285] ""Funza"" ","[285] ""Funza"" ",,,,,,,,,,,,,,,,
"[286] ""Fúquene"" ","[286] ""Fúquene"" ",,,,,,,,,,,,,,,,
"[287] ""Fusagasugá"" ","[287] ""Fusagasugá"" ",,,,,,,,,,,,,,,,
"[288] ""Gachancipá"" ","[288] ""Gachancipá"" ",,,,,,,,,,,,,,,,
"[289] ""Galán"" ","[289] ""Galán"" ",,,,,,,,,,,,,,,,
"[290] ""Galapa"" ","[290] ""Galapa"" ",,,,,,,,,,,,,,,,
"[291] ""Galeras"" ","[291] ""Galeras"" ",,,,,,,,,,,,,,,,
"[292] ""Gamarra"" ","[292] ""Gamarra"" ",,,,,,,,,,,,,,,,
"[293] ""Garagoa"" ","[293] ""Garagoa"" ",,,,,,,,,,,,,,,,
"[294] ""Garzón"" ","[294] ""Garzón"" ",,,,,,,,,,,,,,,,
"[295] ""Génova"" ","[295] ""Génova"" ",,,,,,,,,,,,,,,,
"[296] ""Gigante"" ","[296] ""Gigante"" ",,,,,,,,,,,,,,,,
"[297] ""Ginebra"" ","[297] ""Ginebra"" ",,,,,,,,,,,,,,,,
"[298] ""Giraldo"" ","[298] ""Giraldo"" ",,,,,,,,,,,,,,,,
"[299] ""Girardot"" ","[299] ""Girardot"" ",,,,,,,,,,,,,,,,
"[300] ""Girardota"" ","[300] ""Girardota"" ",,,,,,,,,,,,,,,,
"[301] ""Girón"" ","[301] ""Girón"" ",,,,,,,,,,,,,,,,
"[302] ""Gómez Plata"" ","[302] ""Gómez Plata"" ",,,,,,,,,,,,,,,,
"[303] ""Granada"" ","[303] ""Granada"" ",,,,,,,,,,,,,,,,
"[304] ""Guacarí"" ","[304] ""Guacarí"" ",,,,,,,,,,,,,,,,
"[305] ""Guachené"" ","[305] ""Guachené"" ",,,,,,,,,,,,,,,,
"[306] ""Guachetá"" ","[306] ""Guachetá"" ",,,,,,,,,,,,,,,,
"[307] ""Guadalajara De Buga"" ","[307] ""Guadalajara De Buga"" ",,,,,,,,,,,,,,,,
"[308] ""Guadalupe"" ","[308] ""Guadalupe"" ",,,,,,,,,,,,,,,,
"[309] ""Guaduas"" ","[309] ""Guaduas"" ",,,,,,,,,,,,,,,,
"[310] ""Guaitarilla"" ","[310] ""Guaitarilla"" ",,,,,,,,,,,,,,,,
"[311] ""Guamal"" ","[311] ""Guamal"" ",,,,,,,,,,,,,,,,
"[312] ""Guamo"" ","[312] ""Guamo"" ",,,,,,,,,,,,,,,,
"[313] ""Guapi"" ","[313] ""Guapi"" ",,,,,,,,,,,,,,,,
"[314] ""Guaranda"" ","[314] ""Guaranda"" ",,,,,,,,,,,,,,,,
"[315] ""Guarne"" ","[315] ""Guarne"" ",,,,,,,,,,,,,,,,
"[316] ""Guasca"" ","[316] ""Guasca"" ",,,,,,,,,,,,,,,,
"[317] ""Guatape"" ","[317] ""Guatape"" ",,,,,,,,,,,,,,,,
"[318] ""Guateque"" ","[318] ""Guateque"" ",,,,,,,,,,,,,,,,
"[319] ""Guática"" ","[319] ""Guática"" ",,,,,,,,,,,,,,,,
"[320] ""Guavatá"" ","[320] ""Guavatá"" ",,,,,,,,,,,,,,,,
"[321] ""Guayabal De Siquima"" ","[321] ""Guayabal De Siquima"" ",,,,,,,,,,,,,,,,
"[322] ""Guayabetal"" ","[322] ""Guayabetal"" ",,,,,,,,,,,,,,,,
"[323] ""Gutiérrez"" ","[323] ""Gutiérrez"" ",,,,,,,,,,,,,,,,
"[324] ""Hacarí"" ","[324] ""Hacarí"" ",,,,,,,,,,,,,,,,
"[325] ""Hatillo De Loba"" ","[325] ""Hatillo De Loba"" ",,,,,,,,,,,,,,,,
"[326] ""Hato Corozal"" ","[326] ""Hato Corozal"" ",,,,,,,,,,,,,,,,
"[327] ""Hato Nuevo"" ","[327] ""Hato Nuevo"" ",,,,,,,,,,,,,,,,
"[328] ""Heliconia"" ","[328] ""Heliconia"" ",,,,,,,,,,,,,,,,
"[329] ""Herveo"" ","[329] ""Herveo"" ",,,,,,,,,,,,,,,,
"[330] ""Hispania"" ","[330] ""Hispania"" ",,,,,,,,,,,,,,,,
"[331] ""Hobo"" ","[331] ""Hobo"" ",,,,,,,,,,,,,,,,
"[332] ""Honda"" ","[332] ""Honda"" ",,,,,,,,,,,,,,,,
"[333] ""Ibagué"" ","[333] ""Ibagué"" ",,,,,,,,,,,,,,,,
"[334] ""Icononzo"" ","[334] ""Icononzo"" ",,,,,,,,,,,,,,,,
"[335] ""Iles"" ","[335] ""Iles"" ",,,,,,,,,,,,,,,,
"[336] ""Imués"" ","[336] ""Imués"" ",,,,,,,,,,,,,,,,
"[337] ""Inírida"" ","[337] ""Inírida"" ",,,,,,,,,,,,,,,,
"[338] ""Inzá"" ","[338] ""Inzá"" ",,,,,,,,,,,,,,,,
"[339] ""Ipiales"" ","[339] ""Ipiales"" ",,,,,,,,,,,,,,,,
"[340] ""Iquira"" ","[340] ""Iquira"" ",,,,,,,,,,,,,,,,
"[341] ""Isnos"" ","[341] ""Isnos"" ",,,,,,,,,,,,,,,,
"[342] ""Istmina"" ","[342] ""Istmina"" ",,,,,,,,,,,,,,,,
"[343] ""Itagui"" ","[343] ""Itagui"" ",,,,,,,,,,,,,,,,
"[344] ""Ituango"" ","[344] ""Ituango"" ",,,,,,,,,,,,,,,,
"[345] ""Iza"" ","[345] ""Iza"" ",,,,,,,,,,,,,,,,
"[346] ""Jambaló"" ","[346] ""Jambaló"" ",,,,,,,,,,,,,,,,
"[347] ""Jamundí"" ","[347] ""Jamundí"" ",,,,,,,,,,,,,,,,
"[348] ""Jardín"" ","[348] ""Jardín"" ",,,,,,,,,,,,,,,,
"[349] ""Jenesano"" ","[349] ""Jenesano"" ",,,,,,,,,,,,,,,,
"[350] ""Jericó"" ","[350] ""Jericó"" ",,,,,,,,,,,,,,,,
"[351] ""Jerusalén"" ","[351] ""Jerusalén"" ",,,,,,,,,,,,,,,,
"[352] ""Juan De Acosta"" ","[352] ""Juan De Acosta"" ",,,,,,,,,,,,,,,,
"[353] ""La Apartada"" ","[353] ""La Apartada"" ",,,,,,,,,,,,,,,,
"[354] ""La Argentina"" ","[354] ""La Argentina"" ",,,,,,,,,,,,,,,,
"[355] ""La Calera"" ","[355] ""La Calera"" ",,,,,,,,,,,,,,,,
"[356] ""La Capilla"" ","[356] ""La Capilla"" ",,,,,,,,,,,,,,,,
"[357] ""La Ceja"" ","[357] ""La Ceja"" ",,,,,,,,,,,,,,,,
"[358] ""La Celia"" ","[358] ""La Celia"" ",,,,,,,,,,,,,,,,
"[359] ""La Cruz"" ","[359] ""La Cruz"" ",,,,,,,,,,,,,,,,
"[360] ""La Cumbre"" ","[360] ""La Cumbre"" ",,,,,,,,,,,,,,,,
"[361] ""La Dorada"" ","[361] ""La Dorada"" ",,,,,,,,,,,,,,,,
"[362] ""La Esperanza"" ","[362] ""La Esperanza"" ",,,,,,,,,,,,,,,,
"[363] ""La Estrella"" ","[363] ""La Estrella"" ",,,,,,,,,,,,,,,,
"[364] ""La Florida"" ","[364] ""La Florida"" ",,,,,,,,,,,,,,,,
"[365] ""La Gloria"" ","[365] ""La Gloria"" ",,,,,,,,,,,,,,,,
"[366] ""La Jagua De Ibirico"" ","[366] ""La Jagua De Ibirico"" ",,,,,,,,,,,,,,,,
"[367] ""La Jagua Del Pilar"" ","[367] ""La Jagua Del Pilar"" ",,,,,,,,,,,,,,,,
"[368] ""La Llanada"" ","[368] ""La Llanada"" ",,,,,,,,,,,,,,,,
"[369] ""La Macarena"" ","[369] ""La Macarena"" ",,,,,,,,,,,,,,,,
"[370] ""La Merced"" ","[370] ""La Merced"" ",,,,,,,,,,,,,,,,
"[371] ""La Mesa"" ","[371] ""La Mesa"" ",,,,,,,,,,,,,,,,
"[372] ""La Montañita"" ","[372] ""La Montañita"" ",,,,,,,,,,,,,,,,
"[373] ""La Palma"" ","[373] ""La Palma"" ",,,,,,,,,,,,,,,,
"[374] ""La Paz"" ","[374] ""La Paz"" ",,,,,,,,,,,,,,,,
"[375] ""La Peña"" ","[375] ""La Peña"" ",,,,,,,,,,,,,,,,
"[376] ""La Pintada"" ","[376] ""La Pintada"" ",,,,,,,,,,,,,,,,
"[377] ""La Plata"" ","[377] ""La Plata"" ",,,,,,,,,,,,,,,,
"[378] ""La Playa"" ","[378] ""La Playa"" ",,,,,,,,,,,,,,,,
"[379] ""La Primavera"" ","[379] ""La Primavera"" ",,,,,,,,,,,,,,,,
"[380] ""La Salina"" ","[380] ""La Salina"" ",,,,,,,,,,,,,,,,
"[381] ""La Sierra"" ","[381] ""La Sierra"" ",,,,,,,,,,,,,,,,
"[382] ""La Tebaida"" ","[382] ""La Tebaida"" ",,,,,,,,,,,,,,,,
"[383] ""La Unión"" ","[383] ""La Unión"" ",,,,,,,,,,,,,,,,
"[384] ""La Vega"" ","[384] ""La Vega"" ",,,,,,,,,,,,,,,,
"[385] ""La Victoria"" ","[385] ""La Victoria"" ",,,,,,,,,,,,,,,,
"[386] ""La Virginia"" ","[386] ""La Virginia"" ",,,,,,,,,,,,,,,,
"[387] ""Labateca"" ","[387] ""Labateca"" ",,,,,,,,,,,,,,,,
"[388] ""Labranzagrande"" ","[388] ""Labranzagrande"" ",,,,,,,,,,,,,,,,
"[389] ""Landázuri"" ","[389] ""Landázuri"" ",,,,,,,,,,,,,,,,
"[390] ""Lebrija"" ","[390] ""Lebrija"" ",,,,,,,,,,,,,,,,
"[391] ""Leiva"" ","[391] ""Leiva"" ",,,,,,,,,,,,,,,,
"[392] ""Lejanías"" ","[392] ""Lejanías"" ",,,,,,,,,,,,,,,,
"[393] ""Lenguazaque"" ","[393] ""Lenguazaque"" ",,,,,,,,,,,,,,,,
"[394] ""Lérida"" ","[394] ""Lérida"" ",,,,,,,,,,,,,,,,
"[395] ""Leticia"" ","[395] ""Leticia"" ",,,,,,,,,,,,,,,,
"[396] ""Líbano"" ","[396] ""Líbano"" ",,,,,,,,,,,,,,,,
"[397] ""Liborina"" ","[397] ""Liborina"" ",,,,,,,,,,,,,,,,
"[398] ""Linares"" ","[398] ""Linares"" ",,,,,,,,,,,,,,,,
"[399] ""Lloró"" ","[399] ""Lloró"" ",,,,,,,,,,,,,,,,
"[400] ""López"" ","[400] ""López"" ",,,,,,,,,,,,,,,,
"[401] ""Lorica"" ","[401] ""Lorica"" ",,,,,,,,,,,,,,,,
"[402] ""Los Andes"" ","[402] ""Los Andes"" ",,,,,,,,,,,,,,,,
"[403] ""Los Córdobas"" ","[403] ""Los Córdobas"" ",,,,,,,,,,,,,,,,
"[404] ""Los Palmitos"" ","[404] ""Los Palmitos"" ",,,,,,,,,,,,,,,,
"[405] ""Los Patios"" ","[405] ""Los Patios"" ",,,,,,,,,,,,,,,,
"[406] ""Los Santos"" ","[406] ""Los Santos"" ",,,,,,,,,,,,,,,,
"[407] ""Lourdes"" ","[407] ""Lourdes"" ",,,,,,,,,,,,,,,,
"[408] ""Luruaco"" ","[408] ""Luruaco"" ",,,,,,,,,,,,,,,,
"[409] ""Macanal"" ","[409] ""Macanal"" ",,,,,,,,,,,,,,,,
"[410] ""Maceo"" ","[410] ""Maceo"" ",,,,,,,,,,,,,,,,
"[411] ""Macheta"" ","[411] ""Macheta"" ",,,,,,,,,,,,,,,,
"[412] ""Madrid"" ","[412] ""Madrid"" ",,,,,,,,,,,,,,,,
"[413] ""Magangué"" ","[413] ""Magangué"" ",,,,,,,,,,,,,,,,
"[414] ""Magüi"" ","[414] ""Magüi"" ",,,,,,,,,,,,,,,,
"[415] ""Mahates"" ","[415] ""Mahates"" ",,,,,,,,,,,,,,,,
"[416] ""Maicao"" ","[416] ""Maicao"" ",,,,,,,,,,,,,,,,
"[417] ""Majagual"" ","[417] ""Majagual"" ",,,,,,,,,,,,,,,,
"[418] ""Málaga"" ","[418] ""Málaga"" ",,,,,,,,,,,,,,,,
"[419] ""Malambo"" ","[419] ""Malambo"" ",,,,,,,,,,,,,,,,
"[420] ""Mallama"" ","[420] ""Mallama"" ",,,,,,,,,,,,,,,,
"[421] ""Manaure"" ","[421] ""Manaure"" ",,,,,,,,,,,,,,,,
"[422] ""Maní"" ","[422] ""Maní"" ",,,,,,,,,,,,,,,,
"[423] ""Manizales"" ","[423] ""Manizales"" ",,,,,,,,,,,,,,,,
"[424] ""Manzanares"" ","[424] ""Manzanares"" ",,,,,,,,,,,,,,,,
"[425] ""Mapiripán"" ","[425] ""Mapiripán"" ",,,,,,,,,,,,,,,,
"[426] ""María La Baja"" ","[426] ""María La Baja"" ",,,,,,,,,,,,,,,,
"[427] ""Marinilla"" ","[427] ""Marinilla"" ",,,,,,,,,,,,,,,,
"[428] ""Maripí"" ","[428] ""Maripí"" ",,,,,,,,,,,,,,,,
"[429] ""Mariquita"" ","[429] ""Mariquita"" ",,,,,,,,,,,,,,,,
"[430] ""Marmato"" ","[430] ""Marmato"" ",,,,,,,,,,,,,,,,
"[431] ""Marquetalia"" ","[431] ""Marquetalia"" ",,,,,,,,,,,,,,,,
"[432] ""Marsella"" ","[432] ""Marsella"" ",,,,,,,,,,,,,,,,
"[433] ""Matanza"" ","[433] ""Matanza"" ",,,,,,,,,,,,,,,,
"[434] ""Medellín"" ","[434] ""Medellín"" ",,,,,,,,,,,,,,,,
"[435] ""Medina"" ","[435] ""Medina"" ",,,,,,,,,,,,,,,,
"[436] ""Medio Atrato"" ","[436] ""Medio Atrato"" ",,,,,,,,,,,,,,,,
"[437] ""Medio Baudó"" ","[437] ""Medio Baudó"" ",,,,,,,,,,,,,,,,
"[438] ""Medio San Juan"" ","[438] ""Medio San Juan"" ",,,,,,,,,,,,,,,,
"[439] ""Melgar"" ","[439] ""Melgar"" ",,,,,,,,,,,,,,,,
"[440] ""Mercaderes"" ","[440] ""Mercaderes"" ",,,,,,,,,,,,,,,,
"[441] ""Mesetas"" ","[441] ""Mesetas"" ",,,,,,,,,,,,,,,,
"[442] ""Milán"" ","[442] ""Milán"" ",,,,,,,,,,,,,,,,
"[443] ""Miraflores"" ","[443] ""Miraflores"" ",,,,,,,,,,,,,,,,
"[444] ""Miranda"" ","[444] ""Miranda"" ",,,,,,,,,,,,,,,,
"[445] ""Mistrató"" ","[445] ""Mistrató"" ",,,,,,,,,,,,,,,,
"[446] ""Mitú"" ","[446] ""Mitú"" ",,,,,,,,,,,,,,,,
"[447] ""Mocoa"" ","[447] ""Mocoa"" ",,,,,,,,,,,,,,,,
"[448] ""Mogotes"" ","[448] ""Mogotes"" ",,,,,,,,,,,,,,,,
"[449] ""Molagavita"" ","[449] ""Molagavita"" ",,,,,,,,,,,,,,,,
"[450] ""Mompós"" ","[450] ""Mompós"" ",,,,,,,,,,,,,,,,
"[451] ""Mongua"" ","[451] ""Mongua"" ",,,,,,,,,,,,,,,,
"[452] ""Moniquirá"" ","[452] ""Moniquirá"" ",,,,,,,,,,,,,,,,
"[453] ""Moñitos"" ","[453] ""Moñitos"" ",,,,,,,,,,,,,,,,
"[454] ""Montebello"" ","[454] ""Montebello"" ",,,,,,,,,,,,,,,,
"[455] ""Montecristo"" ","[455] ""Montecristo"" ",,,,,,,,,,,,,,,,
"[456] ""Montelíbano"" ","[456] ""Montelíbano"" ",,,,,,,,,,,,,,,,
"[457] ""Montenegro"" ","[457] ""Montenegro"" ",,,,,,,,,,,,,,,,
"[458] ""Montería"" ","[458] ""Montería"" ",,,,,,,,,,,,,,,,
"[459] ""Monterrey"" ","[459] ""Monterrey"" ",,,,,,,,,,,,,,,,
"[460] ""Morales"" ","[460] ""Morales"" ",,,,,,,,,,,,,,,,
"[461] ""Morelia"" ","[461] ""Morelia"" ",,,,,,,,,,,,,,,,
"[462] ""Morroa"" ","[462] ""Morroa"" ",,,,,,,,,,,,,,,,
"[463] ""Mosquera"" ","[463] ""Mosquera"" ",,,,,,,,,,,,,,,,
"[464] ""Murindó"" ","[464] ""Murindó"" ",,,,,,,,,,,,,,,,
"[465] ""Mutatá"" ","[465] ""Mutatá"" ",,,,,,,,,,,,,,,,
"[466] ""Muzo"" ","[466] ""Muzo"" ",,,,,,,,,,,,,,,,
"[467] ""Nariño"" ","[467] ""Nariño"" ",,,,,,,,,,,,,,,,
"[468] ""Nátaga"" ","[468] ""Nátaga"" ",,,,,,,,,,,,,,,,
"[469] ""Natagaima"" ","[469] ""Natagaima"" ",,,,,,,,,,,,,,,,
"[470] ""Nechí"" ","[470] ""Nechí"" ",,,,,,,,,,,,,,,,
"[471] ""Necoclí"" ","[471] ""Necoclí"" ",,,,,,,,,,,,,,,,
"[472] ""Neira"" ","[472] ""Neira"" ",,,,,,,,,,,,,,,,
"[473] ""Neiva"" ","[473] ""Neiva"" ",,,,,,,,,,,,,,,,
"[474] ""Nemocón"" ","[474] ""Nemocón"" ",,,,,,,,,,,,,,,,
"[475] ""Nilo"" ","[475] ""Nilo"" ",,,,,,,,,,,,,,,,
"[476] ""Nobsa"" ","[476] ""Nobsa"" ",,,,,,,,,,,,,,,,
"[477] ""Nocaima"" ","[477] ""Nocaima"" ",,,,,,,,,,,,,,,,
"[478] ""Norcasia"" ","[478] ""Norcasia"" ",,,,,,,,,,,,,,,,
"[479] ""Norosi"" ","[479] ""Norosi"" ",,,,,,,,,,,,,,,,
"[480] ""Nóvita"" ","[480] ""Nóvita"" ",,,,,,,,,,,,,,,,
"[481] ""Nueva Granada"" ","[481] ""Nueva Granada"" ",,,,,,,,,,,,,,,,
"[482] ""Nunchía"" ","[482] ""Nunchía"" ",,,,,,,,,,,,,,,,
"[483] ""Nuquí"" ","[483] ""Nuquí"" ",,,,,,,,,,,,,,,,
"[484] ""Obando"" ","[484] ""Obando"" ",,,,,,,,,,,,,,,,
"[485] ""Ocaña"" ","[485] ""Ocaña"" ",,,,,,,,,,,,,,,,
"[486] ""Oiba"" ","[486] ""Oiba"" ",,,,,,,,,,,,,,,,
"[487] ""Olaya"" ","[487] ""Olaya"" ",,,,,,,,,,,,,,,,
"[488] ""Olaya Herrera"" ","[488] ""Olaya Herrera"" ",,,,,,,,,,,,,,,,
"[489] ""Oporapa"" ","[489] ""Oporapa"" ",,,,,,,,,,,,,,,,
"[490] ""Orito"" ","[490] ""Orito"" ",,,,,,,,,,,,,,,,
"[491] ""Orocué"" ","[491] ""Orocué"" ",,,,,,,,,,,,,,,,
"[492] ""Ortega"" ","[492] ""Ortega"" ",,,,,,,,,,,,,,,,
"[493] ""Otanche"" ","[493] ""Otanche"" ",,,,,,,,,,,,,,,,
"[494] ""Ovejas"" ","[494] ""Ovejas"" ",,,,,,,,,,,,,,,,
"[495] ""Pacho"" ","[495] ""Pacho"" ",,,,,,,,,,,,,,,,
"[496] ""Pácora"" ","[496] ""Pácora"" ",,,,,,,,,,,,,,,,
"[497] ""Paez"" ","[497] ""Paez"" ",,,,,,,,,,,,,,,,
"[498] ""Páez"" ","[498] ""Páez"" ",,,,,,,,,,,,,,,,
"[499] ""Paicol"" ","[499] ""Paicol"" ",,,,,,,,,,,,,,,,
"[500] ""Pailitas"" ","[500] ""Pailitas"" ",,,,,,,,,,,,,,,,
"[501] ""Paime"" ","[501] ""Paime"" ",,,,,,,,,,,,,,,,
"[502] ""Paipa"" ","[502] ""Paipa"" ",,,,,,,,,,,,,,,,
"[503] ""Pajarito"" ","[503] ""Pajarito"" ",,,,,,,,,,,,,,,,
"[504] ""Palermo"" ","[504] ""Palermo"" ",,,,,,,,,,,,,,,,
"[505] ""Palestina"" ","[505] ""Palestina"" ",,,,,,,,,,,,,,,,
"[506] ""Palmar De Varela"" ","[506] ""Palmar De Varela"" ",,,,,,,,,,,,,,,,
"[507] ""Palmas Del Socorro"" ","[507] ""Palmas Del Socorro"" ",,,,,,,,,,,,,,,,
"[508] ""Palmira"" ","[508] ""Palmira"" ",,,,,,,,,,,,,,,,
"[509] ""Palmito"" ","[509] ""Palmito"" ",,,,,,,,,,,,,,,,
"[510] ""Palocabildo"" ","[510] ""Palocabildo"" ",,,,,,,,,,,,,,,,
"[511] ""Pamplona"" ","[511] ""Pamplona"" ",,,,,,,,,,,,,,,,
"[512] ""Pamplonita"" ","[512] ""Pamplonita"" ",,,,,,,,,,,,,,,,
"[513] ""Pandi"" ","[513] ""Pandi"" ",,,,,,,,,,,,,,,,
"[514] ""Páramo"" ","[514] ""Páramo"" ",,,,,,,,,,,,,,,,
"[515] ""Paratebueno"" ","[515] ""Paratebueno"" ",,,,,,,,,,,,,,,,
"[516] ""Pasca"" ","[516] ""Pasca"" ",,,,,,,,,,,,,,,,
"[517] ""Pasto"" ","[517] ""Pasto"" ",,,,,,,,,,,,,,,,
"[518] ""Patía"" ","[518] ""Patía"" ",,,,,,,,,,,,,,,,
"[519] ""Pauna"" ","[519] ""Pauna"" ",,,,,,,,,,,,,,,,
"[520] ""Paya"" ","[520] ""Paya"" ",,,,,,,,,,,,,,,,
"[521] ""Paz De Ariporo"" ","[521] ""Paz De Ariporo"" ",,,,,,,,,,,,,,,,
"[522] ""Pelaya"" ","[522] ""Pelaya"" ",,,,,,,,,,,,,,,,
"[523] ""Peñol"" ","[523] ""Peñol"" ",,,,,,,,,,,,,,,,
"[524] ""Pensilvania"" ","[524] ""Pensilvania"" ",,,,,,,,,,,,,,,,
"[525] ""Peque"" ","[525] ""Peque"" ",,,,,,,,,,,,,,,,
"[526] ""Pereira"" ","[526] ""Pereira"" ",,,,,,,,,,,,,,,,
"[527] ""Piamonte"" ","[527] ""Piamonte"" ",,,,,,,,,,,,,,,,
"[528] ""Piedecuesta"" ","[528] ""Piedecuesta"" ",,,,,,,,,,,,,,,,
"[529] ""Piedras"" ","[529] ""Piedras"" ",,,,,,,,,,,,,,,,
"[530] ""Piendamó"" ","[530] ""Piendamó"" ",,,,,,,,,,,,,,,,
"[531] ""Pijao"" ","[531] ""Pijao"" ",,,,,,,,,,,,,,,,
"[532] ""Pijiño Del Carmen"" ","[532] ""Pijiño Del Carmen"" ",,,,,,,,,,,,,,,,
"[533] ""Pinchote"" ","[533] ""Pinchote"" ",,,,,,,,,,,,,,,,
"[534] ""Pinillos"" ","[534] ""Pinillos"" ",,,,,,,,,,,,,,,,
"[535] ""Pisba"" ","[535] ""Pisba"" ",,,,,,,,,,,,,,,,
"[536] ""Pital"" ","[536] ""Pital"" ",,,,,,,,,,,,,,,,
"[537] ""Pitalito"" ","[537] ""Pitalito"" ",,,,,,,,,,,,,,,,
"[538] ""Pivijay"" ","[538] ""Pivijay"" ",,,,,,,,,,,,,,,,
"[539] ""Planadas"" ","[539] ""Planadas"" ",,,,,,,,,,,,,,,,
"[540] ""Planeta Rica"" ","[540] ""Planeta Rica"" ",,,,,,,,,,,,,,,,
"[541] ""Plato"" ","[541] ""Plato"" ",,,,,,,,,,,,,,,,
"[542] ""Policarpa"" ","[542] ""Policarpa"" ",,,,,,,,,,,,,,,,
"[543] ""Polonuevo"" ","[543] ""Polonuevo"" ",,,,,,,,,,,,,,,,
"[544] ""Ponedera"" ","[544] ""Ponedera"" ",,,,,,,,,,,,,,,,
"[545] ""Popayán"" ","[545] ""Popayán"" ",,,,,,,,,,,,,,,,
"[546] ""Pore"" ","[546] ""Pore"" ",,,,,,,,,,,,,,,,
"[547] ""Pradera"" ","[547] ""Pradera"" ",,,,,,,,,,,,,,,,
"[548] ""Prado"" ","[548] ""Prado"" ",,,,,,,,,,,,,,,,
"[549] ""Pueblo Bello"" ","[549] ""Pueblo Bello"" ",,,,,,,,,,,,,,,,
"[550] ""Pueblo Nuevo"" ","[550] ""Pueblo Nuevo"" ",,,,,,,,,,,,,,,,
"[551] ""Pueblo Rico"" ","[551] ""Pueblo Rico"" ",,,,,,,,,,,,,,,,
"[552] ""Pueblorrico"" ","[552] ""Pueblorrico"" ",,,,,,,,,,,,,,,,
"[553] ""Puebloviejo"" ","[553] ""Puebloviejo"" ",,,,,,,,,,,,,,,,
"[554] ""Puente Nacional"" ","[554] ""Puente Nacional"" ",,,,,,,,,,,,,,,,
"[555] ""Puerto Asís"" ","[555] ""Puerto Asís"" ",,,,,,,,,,,,,,,,
"[556] ""Puerto Berrío"" ","[556] ""Puerto Berrío"" ",,,,,,,,,,,,,,,,
"[557] ""Puerto Boyacá"" ","[557] ""Puerto Boyacá"" ",,,,,,,,,,,,,,,,
"[558] ""Puerto Caicedo"" ","[558] ""Puerto Caicedo"" ",,,,,,,,,,,,,,,,
"[559] ""Puerto Carreño"" ","[559] ""Puerto Carreño"" ",,,,,,,,,,,,,,,,
"[560] ""Puerto Colombia"" ","[560] ""Puerto Colombia"" ",,,,,,,,,,,,,,,,
"[561] ""Puerto Concordia"" ","[561] ""Puerto Concordia"" ",,,,,,,,,,,,,,,,
"[562] ""Puerto Escondido"" ","[562] ""Puerto Escondido"" ",,,,,,,,,,,,,,,,
"[563] ""Puerto Gaitán"" ","[563] ""Puerto Gaitán"" ",,,,,,,,,,,,,,,,
"[564] ""Puerto Guzmán"" ","[564] ""Puerto Guzmán"" ",,,,,,,,,,,,,,,,
"[565] ""Puerto Leguízamo"" ","[565] ""Puerto Leguízamo"" ",,,,,,,,,,,,,,,,
"[566] ""Puerto Libertador"" ","[566] ""Puerto Libertador"" ",,,,,,,,,,,,,,,,
"[567] ""Puerto Lleras"" ","[567] ""Puerto Lleras"" ",,,,,,,,,,,,,,,,
"[568] ""Puerto López"" ","[568] ""Puerto López"" ",,,,,,,,,,,,,,,,
"[569] ""Puerto Nare"" ","[569] ""Puerto Nare"" ",,,,,,,,,,,,,,,,
"[570] ""Puerto Nariño"" ","[570] ""Puerto Nariño"" ",,,,,,,,,,,,,,,,
"[571] ""Puerto Parra"" ","[571] ""Puerto Parra"" ",,,,,,,,,,,,,,,,
"[572] ""Puerto Rico"" ","[572] ""Puerto Rico"" ",,,,,,,,,,,,,,,,
"[573] ""Puerto Rondón"" ","[573] ""Puerto Rondón"" ",,,,,,,,,,,,,,,,
"[574] ""Puerto Salgar"" ","[574] ""Puerto Salgar"" ",,,,,,,,,,,,,,,,
"[575] ""Puerto Santander"" ","[575] ""Puerto Santander"" ",,,,,,,,,,,,,,,,
"[576] ""Puerto Tejada"" ","[576] ""Puerto Tejada"" ",,,,,,,,,,,,,,,,
"[577] ""Puerto Triunfo"" ","[577] ""Puerto Triunfo"" ",,,,,,,,,,,,,,,,
"[578] ""Puerto Wilches"" ","[578] ""Puerto Wilches"" ",,,,,,,,,,,,,,,,
"[579] ""Pulí"" ","[579] ""Pulí"" ",,,,,,,,,,,,,,,,
"[580] ""Puracé"" ","[580] ""Puracé"" ",,,,,,,,,,,,,,,,
"[581] ""Purificación"" ","[581] ""Purificación"" ",,,,,,,,,,,,,,,,
"[582] ""Quebradanegra"" ","[582] ""Quebradanegra"" ",,,,,,,,,,,,,,,,
"[583] ""Quibdó"" ","[583] ""Quibdó"" ",,,,,,,,,,,,,,,,
"[584] ""Quimbaya"" ","[584] ""Quimbaya"" ",,,,,,,,,,,,,,,,
"[585] ""Quinchía"" ","[585] ""Quinchía"" ",,,,,,,,,,,,,,,,
"[586] ""Quípama"" ","[586] ""Quípama"" ",,,,,,,,,,,,,,,,
"[587] ""Quipile"" ","[587] ""Quipile"" ",,,,,,,,,,,,,,,,
"[588] ""Ragonvalia"" ","[588] ""Ragonvalia"" ",,,,,,,,,,,,,,,,
"[589] ""Ramiriquí"" ","[589] ""Ramiriquí"" ",,,,,,,,,,,,,,,,
"[590] ""Ráquira"" ","[590] ""Ráquira"" ",,,,,,,,,,,,,,,,
"[591] ""Regidor"" ","[591] ""Regidor"" ",,,,,,,,,,,,,,,,
"[592] ""Remedios"" ","[592] ""Remedios"" ",,,,,,,,,,,,,,,,
"[593] ""Remolino"" ","[593] ""Remolino"" ",,,,,,,,,,,,,,,,
"[594] ""Repelón"" ","[594] ""Repelón"" ",,,,,,,,,,,,,,,,
"[595] ""Restrepo"" ","[595] ""Restrepo"" ",,,,,,,,,,,,,,,,
"[596] ""Retiro"" ","[596] ""Retiro"" ",,,,,,,,,,,,,,,,
"[597] ""Ricaurte"" ","[597] ""Ricaurte"" ",,,,,,,,,,,,,,,,
"[598] ""Río De Oro"" ","[598] ""Río De Oro"" ",,,,,,,,,,,,,,,,
"[599] ""Río Iró"" ","[599] ""Río Iró"" ",,,,,,,,,,,,,,,,
"[600] ""Río Quito"" ","[600] ""Río Quito"" ",,,,,,,,,,,,,,,,
"[601] ""Río Viejo"" ","[601] ""Río Viejo"" ",,,,,,,,,,,,,,,,
"[602] ""Rioblanco"" ","[602] ""Rioblanco"" ",,,,,,,,,,,,,,,,
"[603] ""Riofrío"" ","[603] ""Riofrío"" ",,,,,,,,,,,,,,,,
"[604] ""Riohacha"" ","[604] ""Riohacha"" ",,,,,,,,,,,,,,,,
"[605] ""Rionegro"" ","[605] ""Rionegro"" ",,,,,,,,,,,,,,,,
"[606] ""Riosucio"" ","[606] ""Riosucio"" ",,,,,,,,,,,,,,,,
"[607] ""Risaralda"" ","[607] ""Risaralda"" ",,,,,,,,,,,,,,,,
"[608] ""Rivera"" ","[608] ""Rivera"" ",,,,,,,,,,,,,,,,
"[609] ""Roberto Payán"" ","[609] ""Roberto Payán"" ",,,,,,,,,,,,,,,,
"[610] ""Roldanillo"" ","[610] ""Roldanillo"" ",,,,,,,,,,,,,,,,
"[611] ""Roncesvalles"" ","[611] ""Roncesvalles"" ",,,,,,,,,,,,,,,,
"[612] ""Rosas"" ","[612] ""Rosas"" ",,,,,,,,,,,,,,,,
"[613] ""Rovira"" ","[613] ""Rovira"" ",,,,,,,,,,,,,,,,
"[614] ""Sabana De Torres"" ","[614] ""Sabana De Torres"" ",,,,,,,,,,,,,,,,
"[615] ""Sabanagrande"" ","[615] ""Sabanagrande"" ",,,,,,,,,,,,,,,,
"[616] ""Sabanalarga"" ","[616] ""Sabanalarga"" ",,,,,,,,,,,,,,,,
"[617] ""Sabanas De San Angel"" ","[617] ""Sabanas De San Angel"" ",,,,,,,,,,,,,,,,
"[618] ""Sabaneta"" ","[618] ""Sabaneta"" ",,,,,,,,,,,,,,,,
"[619] ""Sahagún"" ","[619] ""Sahagún"" ",,,,,,,,,,,,,,,,
"[620] ""Saladoblanco"" ","[620] ""Saladoblanco"" ",,,,,,,,,,,,,,,,
"[621] ""Salamina"" ","[621] ""Salamina"" ",,,,,,,,,,,,,,,,
"[622] ""Salazar"" ","[622] ""Salazar"" ",,,,,,,,,,,,,,,,
"[623] ""Salento"" ","[623] ""Salento"" ",,,,,,,,,,,,,,,,
"[624] ""Salgar"" ","[624] ""Salgar"" ",,,,,,,,,,,,,,,,
"[625] ""Samacá"" ","[625] ""Samacá"" ",,,,,,,,,,,,,,,,
"[626] ""Samaná"" ","[626] ""Samaná"" ",,,,,,,,,,,,,,,,
"[627] ""Samaniego"" ","[627] ""Samaniego"" ",,,,,,,,,,,,,,,,
"[628] ""Sampués"" ","[628] ""Sampués"" ",,,,,,,,,,,,,,,,
"[629] ""San Agustín"" ","[629] ""San Agustín"" ",,,,,,,,,,,,,,,,
"[630] ""San Alberto"" ","[630] ""San Alberto"" ",,,,,,,,,,,,,,,,
"[631] ""San Andrés"" ","[631] ""San Andrés"" ",,,,,,,,,,,,,,,,
"[632] ""San Andrés De Cuerquía"" ","[632] ""San Andrés De Cuerquía"" ",,,,,,,,,,,,,,,,
"[633] ""San Andres De Tumaco"" ","[633] ""San Andres De Tumaco"" ",,,,,,,,,,,,,,,,
"[634] ""San Andrés Sotavento"" ","[634] ""San Andrés Sotavento"" ",,,,,,,,,,,,,,,,
"[635] ""San Antero"" ","[635] ""San Antero"" ",,,,,,,,,,,,,,,,
"[636] ""San Antonio"" ","[636] ""San Antonio"" ",,,,,,,,,,,,,,,,
"[637] ""San Antonio Del Tequendama"" ","[637] ""San Antonio Del Tequendama"" ",,,,,,,,,,,,,,,,
"[638] ""San Benito Abad"" ","[638] ""San Benito Abad"" ",,,,,,,,,,,,,,,,
"[639] ""San Bernardo"" ","[639] ""San Bernardo"" ",,,,,,,,,,,,,,,,
"[640] ""San Bernardo Del Viento"" ","[640] ""San Bernardo Del Viento"" ",,,,,,,,,,,,,,,,
"[641] ""San Calixto"" ","[641] ""San Calixto"" ",,,,,,,,,,,,,,,,
"[642] ""San Carlos"" ","[642] ""San Carlos"" ",,,,,,,,,,,,,,,,
"[643] ""San Carlos De Guaroa"" ","[643] ""San Carlos De Guaroa"" ",,,,,,,,,,,,,,,,
"[644] ""San Cayetano"" ","[644] ""San Cayetano"" ",,,,,,,,,,,,,,,,
"[645] ""San Diego"" ","[645] ""San Diego"" ",,,,,,,,,,,,,,,,
"[646] ""San Estanislao"" ","[646] ""San Estanislao"" ",,,,,,,,,,,,,,,,
"[647] ""San Felipe"" ","[647] ""San Felipe"" ",,,,,,,,,,,,,,,,
"[648] ""San Francisco"" ","[648] ""San Francisco"" ",,,,,,,,,,,,,,,,
"[649] ""San Gil"" ","[649] ""San Gil"" ",,,,,,,,,,,,,,,,
"[650] ""San Jacinto"" ","[650] ""San Jacinto"" ",,,,,,,,,,,,,,,,
"[651] ""San Jacinto Del Cauca"" ","[651] ""San Jacinto Del Cauca"" ",,,,,,,,,,,,,,,,
"[652] ""San Jerónimo"" ","[652] ""San Jerónimo"" ",,,,,,,,,,,,,,,,
"[653] ""San José"" ","[653] ""San José"" ",,,,,,,,,,,,,,,,
"[654] ""San José De La Montaña"" ","[654] ""San José De La Montaña"" ",,,,,,,,,,,,,,,,
"[655] ""San José De Pare"" ","[655] ""San José De Pare"" ",,,,,,,,,,,,,,,,
"[656] ""San José de uré"" ","[656] ""San José de uré"" ",,,,,,,,,,,,,,,,
"[657] ""San José Del Fragua"" ","[657] ""San José Del Fragua"" ",,,,,,,,,,,,,,,,
"[658] ""San José Del Guaviare"" ","[658] ""San José Del Guaviare"" ",,,,,,,,,,,,,,,,
"[659] ""San Juan De Arama"" ","[659] ""San Juan De Arama"" ",,,,,,,,,,,,,,,,
"[660] ""San Juan De Betulia"" ","[660] ""San Juan De Betulia"" ",,,,,,,,,,,,,,,,
"[661] ""San Juan De Río Seco"" ","[661] ""San Juan De Río Seco"" ",,,,,,,,,,,,,,,,
"[662] ""San Juan De Urabá"" ","[662] ""San Juan De Urabá"" ",,,,,,,,,,,,,,,,
"[663] ""San Juan Del Cesar"" ","[663] ""San Juan Del Cesar"" ",,,,,,,,,,,,,,,,
"[664] ""San Juan Nepomuceno"" ","[664] ""San Juan Nepomuceno"" ",,,,,,,,,,,,,,,,
"[665] ""San Juanito"" ","[665] ""San Juanito"" ",,,,,,,,,,,,,,,,
"[666] ""San Lorenzo"" ","[666] ""San Lorenzo"" ",,,,,,,,,,,,,,,,
"[667] ""San Luis"" ","[667] ""San Luis"" ",,,,,,,,,,,,,,,,
"[668] ""San Luis De Gaceno"" ","[668] ""San Luis De Gaceno"" ",,,,,,,,,,,,,,,,
"[669] ""San Luis De Palenque"" ","[669] ""San Luis De Palenque"" ",,,,,,,,,,,,,,,,
"[670] ""San Luis De Sincé"" ","[670] ""San Luis De Sincé"" ",,,,,,,,,,,,,,,,
"[671] ""San Marcos"" ","[671] ""San Marcos"" ",,,,,,,,,,,,,,,,
"[672] ""San Martín"" ","[672] ""San Martín"" ",,,,,,,,,,,,,,,,
"[673] ""San Martín De Loba"" ","[673] ""San Martín De Loba"" ",,,,,,,,,,,,,,,,
"[674] ""San Miguel"" ","[674] ""San Miguel"" ",,,,,,,,,,,,,,,,
"[675] ""San Onofre"" ","[675] ""San Onofre"" ",,,,,,,,,,,,,,,,
"[676] ""San Pablo"" ","[676] ""San Pablo"" ",,,,,,,,,,,,,,,,
"[677] ""San Pablo De Borbur"" ","[677] ""San Pablo De Borbur"" ",,,,,,,,,,,,,,,,
"[678] ""San Pedro"" ","[678] ""San Pedro"" ",,,,,,,,,,,,,,,,
"[679] ""San Pedro De Los Milagros"" ","[679] ""San Pedro De Los Milagros"" ",,,,,,,,,,,,,,,,
"[680] ""San Pedro De Uraba"" ","[680] ""San Pedro De Uraba"" ",,,,,,,,,,,,,,,,
"[681] ""San Pelayo"" ","[681] ""San Pelayo"" ",,,,,,,,,,,,,,,,
"[682] ""San Rafael"" ","[682] ""San Rafael"" ",,,,,,,,,,,,,,,,
"[683] ""San Roque"" ","[683] ""San Roque"" ",,,,,,,,,,,,,,,,
"[684] ""San Sebastián De Buenavista"" ","[684] ""San Sebastián De Buenavista"" ",,,,,,,,,,,,,,,,
"[685] ""San Vicente"" ","[685] ""San Vicente"" ",,,,,,,,,,,,,,,,
"[686] ""San Vicente De Chucurí"" ","[686] ""San Vicente De Chucurí"" ",,,,,,,,,,,,,,,,
"[687] ""San Vicente Del Caguán"" ","[687] ""San Vicente Del Caguán"" ",,,,,,,,,,,,,,,,
"[688] ""San Zenón"" ","[688] ""San Zenón"" ",,,,,,,,,,,,,,,,
"[689] ""Sandoná"" ","[689] ""Sandoná"" ",,,,,,,,,,,,,,,,
"[690] ""Santa Ana"" ","[690] ""Santa Ana"" ",,,,,,,,,,,,,,,,
"[691] ""Santa Bárbara"" ","[691] ""Santa Bárbara"" ",,,,,,,,,,,,,,,,
"[692] ""Santa Catalina"" ","[692] ""Santa Catalina"" ",,,,,,,,,,,,,,,,
"[693] ""Santa Helena Del Opón"" ","[693] ""Santa Helena Del Opón"" ",,,,,,,,,,,,,,,,
"[694] ""Santa Isabel"" ","[694] ""Santa Isabel"" ",,,,,,,,,,,,,,,,
"[695] ""Santa María"" ","[695] ""Santa María"" ",,,,,,,,,,,,,,,,
"[696] ""Santa Marta"" ","[696] ""Santa Marta"" ",,,,,,,,,,,,,,,,
"[697] ""Santa Rosa"" ","[697] ""Santa Rosa"" ",,,,,,,,,,,,,,,,
"[698] ""Santa Rosa De Cabal"" ","[698] ""Santa Rosa De Cabal"" ",,,,,,,,,,,,,,,,
"[699] ""Santa Rosa De Osos"" ","[699] ""Santa Rosa De Osos"" ",,,,,,,,,,,,,,,,
"[700] ""Santa Rosa De Viterbo"" ","[700] ""Santa Rosa De Viterbo"" ",,,,,,,,,,,,,,,,
"[701] ""Santa Rosa Del Sur"" ","[701] ""Santa Rosa Del Sur"" ",,,,,,,,,,,,,,,,
"[702] ""Santa Rosalía"" ","[702] ""Santa Rosalía"" ",,,,,,,,,,,,,,,,
"[703] ""Santa Sofía"" ","[703] ""Santa Sofía"" ",,,,,,,,,,,,,,,,
"[704] ""Santafé De Antioquia"" ","[704] ""Santafé De Antioquia"" ",,,,,,,,,,,,,,,,
"[705] ""Santana"" ","[705] ""Santana"" ",,,,,,,,,,,,,,,,
"[706] ""Santander De Quilichao"" ","[706] ""Santander De Quilichao"" ",,,,,,,,,,,,,,,,
"[707] ""Santiago"" ","[707] ""Santiago"" ",,,,,,,,,,,,,,,,
"[708] ""Santiago De Tolú"" ","[708] ""Santiago De Tolú"" ",,,,,,,,,,,,,,,,
"[709] ""Santo Domingo"" ","[709] ""Santo Domingo"" ",,,,,,,,,,,,,,,,
"[710] ""Santo Tomás"" ","[710] ""Santo Tomás"" ",,,,,,,,,,,,,,,,
"[711] ""Santuario"" ","[711] ""Santuario"" ",,,,,,,,,,,,,,,,
"[712] ""Saravena"" ","[712] ""Saravena"" ",,,,,,,,,,,,,,,,
"[713] ""Sardinata"" ","[713] ""Sardinata"" ",,,,,,,,,,,,,,,,
"[714] ""Sasaima"" ","[714] ""Sasaima"" ",,,,,,,,,,,,,,,,
"[715] ""Segovia"" ","[715] ""Segovia"" ",,,,,,,,,,,,,,,,
"[716] ""Sesquilé"" ","[716] ""Sesquilé"" ",,,,,,,,,,,,,,,,
"[717] ""Sevilla"" ","[717] ""Sevilla"" ",,,,,,,,,,,,,,,,
"[718] ""Sibaté"" ","[718] ""Sibaté"" ",,,,,,,,,,,,,,,,
"[719] ""Sibundoy"" ","[719] ""Sibundoy"" ",,,,,,,,,,,,,,,,
"[720] ""Silos"" ","[720] ""Silos"" ",,,,,,,,,,,,,,,,
"[721] ""Silvania"" ","[721] ""Silvania"" ",,,,,,,,,,,,,,,,
"[722] ""Silvia"" ","[722] ""Silvia"" ",,,,,,,,,,,,,,,,
"[723] ""Simacota"" ","[723] ""Simacota"" ",,,,,,,,,,,,,,,,
"[724] ""Simijaca"" ","[724] ""Simijaca"" ",,,,,,,,,,,,,,,,
"[725] ""Simití"" ","[725] ""Simití"" ",,,,,,,,,,,,,,,,
"[726] ""Sincelejo"" ","[726] ""Sincelejo"" ",,,,,,,,,,,,,,,,
"[727] ""Sitionuevo"" ","[727] ""Sitionuevo"" ",,,,,,,,,,,,,,,,
"[728] ""Soacha"" ","[728] ""Soacha"" ",,,,,,,,,,,,,,,,
"[729] ""Soatá"" ","[729] ""Soatá"" ",,,,,,,,,,,,,,,,
"[730] ""Socha"" ","[730] ""Socha"" ",,,,,,,,,,,,,,,,
"[731] ""Socorro"" ","[731] ""Socorro"" ",,,,,,,,,,,,,,,,
"[732] ""Socotá"" ","[732] ""Socotá"" ",,,,,,,,,,,,,,,,
"[733] ""Sogamoso"" ","[733] ""Sogamoso"" ",,,,,,,,,,,,,,,,
"[734] ""Solano"" ","[734] ""Solano"" ",,,,,,,,,,,,,,,,
"[735] ""Soledad"" ","[735] ""Soledad"" ",,,,,,,,,,,,,,,,
"[736] ""Solita"" ","[736] ""Solita"" ",,,,,,,,,,,,,,,,
"[737] ""Sonson"" ","[737] ""Sonson"" ",,,,,,,,,,,,,,,,
"[738] ""Sopetrán"" ","[738] ""Sopetrán"" ",,,,,,,,,,,,,,,,
"[739] ""Soplaviento"" ","[739] ""Soplaviento"" ",,,,,,,,,,,,,,,,
"[740] ""Sopó"" ","[740] ""Sopó"" ",,,,,,,,,,,,,,,,
"[741] ""Sotará"" ","[741] ""Sotará"" ",,,,,,,,,,,,,,,,
"[742] ""Suaita"" ","[742] ""Suaita"" ",,,,,,,,,,,,,,,,
"[743] ""Suan"" ","[743] ""Suan"" ",,,,,,,,,,,,,,,,
"[744] ""Suárez"" ","[744] ""Suárez"" ",,,,,,,,,,,,,,,,
"[745] ""Suaza"" ","[745] ""Suaza"" ",,,,,,,,,,,,,,,,
"[746] ""Subachoque"" ","[746] ""Subachoque"" ",,,,,,,,,,,,,,,,
"[747] ""Sucre"" ","[747] ""Sucre"" ",,,,,,,,,,,,,,,,
"[748] ""Suesca"" ","[748] ""Suesca"" ",,,,,,,,,,,,,,,,
"[749] ""Supatá"" ","[749] ""Supatá"" ",,,,,,,,,,,,,,,,
"[750] ""Supía"" ","[750] ""Supía"" ",,,,,,,,,,,,,,,,
"[751] ""Sutamarchán"" ","[751] ""Sutamarchán"" ",,,,,,,,,,,,,,,,
"[752] ""Sutatausa"" ","[752] ""Sutatausa"" ",,,,,,,,,,,,,,,,
"[753] ""Tabio"" ","[753] ""Tabio"" ",,,,,,,,,,,,,,,,
"[754] ""Tadó"" ","[754] ""Tadó"" ",,,,,,,,,,,,,,,,
"[755] ""Talaigua Nuevo"" ","[755] ""Talaigua Nuevo"" ",,,,,,,,,,,,,,,,
"[756] ""Tamalameque"" ","[756] ""Tamalameque"" ",,,,,,,,,,,,,,,,
"[757] ""Támara"" ","[757] ""Támara"" ",,,,,,,,,,,,,,,,
"[758] ""Tame"" ","[758] ""Tame"" ",,,,,,,,,,,,,,,,
"[759] ""Támesis"" ","[759] ""Támesis"" ",,,,,,,,,,,,,,,,
"[760] ""Taminango"" ","[760] ""Taminango"" ",,,,,,,,,,,,,,,,
"[761] ""Tangua"" ","[761] ""Tangua"" ",,,,,,,,,,,,,,,,
"[762] ""Taraira"" ","[762] ""Taraira"" ",,,,,,,,,,,,,,,,
"[763] ""Tarazá"" ","[763] ""Tarazá"" ",,,,,,,,,,,,,,,,
"[764] ""Tarqui"" ","[764] ""Tarqui"" ",,,,,,,,,,,,,,,,
"[765] ""Tarso"" ","[765] ""Tarso"" ",,,,,,,,,,,,,,,,
"[766] ""Tasco"" ","[766] ""Tasco"" ",,,,,,,,,,,,,,,,
"[767] ""Tauramena"" ","[767] ""Tauramena"" ",,,,,,,,,,,,,,,,
"[768] ""Tausa"" ","[768] ""Tausa"" ",,,,,,,,,,,,,,,,
"[769] ""Tello"" ","[769] ""Tello"" ",,,,,,,,,,,,,,,,
"[770] ""Tena"" ","[770] ""Tena"" ",,,,,,,,,,,,,,,,
"[771] ""Tenerife"" ","[771] ""Tenerife"" ",,,,,,,,,,,,,,,,
"[772] ""Tenjo"" ","[772] ""Tenjo"" ",,,,,,,,,,,,,,,,
"[773] ""Teorama"" ","[773] ""Teorama"" ",,,,,,,,,,,,,,,,
"[774] ""Teruel"" ","[774] ""Teruel"" ",,,,,,,,,,,,,,,,
"[775] ""Tesalia"" ","[775] ""Tesalia"" ",,,,,,,,,,,,,,,,
"[776] ""Tibacuy"" ","[776] ""Tibacuy"" ",,,,,,,,,,,,,,,,
"[777] ""Tibaná"" ","[777] ""Tibaná"" ",,,,,,,,,,,,,,,,
"[778] ""Tibasosa"" ","[778] ""Tibasosa"" ",,,,,,,,,,,,,,,,
"[779] ""Tibú"" ","[779] ""Tibú"" ",,,,,,,,,,,,,,,,
"[780] ""Tierralta"" ","[780] ""Tierralta"" ",,,,,,,,,,,,,,,,
"[781] ""Timaná"" ","[781] ""Timaná"" ",,,,,,,,,,,,,,,,
"[782] ""Timbío"" ","[782] ""Timbío"" ",,,,,,,,,,,,,,,,
"[783] ""Timbiquí"" ","[783] ""Timbiquí"" ",,,,,,,,,,,,,,,,
"[784] ""Tinjacá"" ","[784] ""Tinjacá"" ",,,,,,,,,,,,,,,,
"[785] ""Tiquisio"" ","[785] ""Tiquisio"" ",,,,,,,,,,,,,,,,
"[786] ""Titiribí"" ","[786] ""Titiribí"" ",,,,,,,,,,,,,,,,
"[787] ""Tocaima"" ","[787] ""Tocaima"" ",,,,,,,,,,,,,,,,
"[788] ""Tocancipá"" ","[788] ""Tocancipá"" ",,,,,,,,,,,,,,,,
"[789] ""Togüí"" ","[789] ""Togüí"" ",,,,,,,,,,,,,,,,
"[790] ""Toledo"" ","[790] ""Toledo"" ",,,,,,,,,,,,,,,,
"[791] ""Tolú Viejo"" ","[791] ""Tolú Viejo"" ",,,,,,,,,,,,,,,,
"[792] ""Tona"" ","[792] ""Tona"" ",,,,,,,,,,,,,,,,
"[793] ""Topaipí"" ","[793] ""Topaipí"" ",,,,,,,,,,,,,,,,
"[794] ""Toribio"" ","[794] ""Toribio"" ",,,,,,,,,,,,,,,,
"[795] ""Toro"" ","[795] ""Toro"" ",,,,,,,,,,,,,,,,
"[796] ""Totoró"" ","[796] ""Totoró"" ",,,,,,,,,,,,,,,,
"[797] ""Trinidad"" ","[797] ""Trinidad"" ",,,,,,,,,,,,,,,,
"[798] ""Trujillo"" ","[798] ""Trujillo"" ",,,,,,,,,,,,,,,,
"[799] ""Tubará"" ","[799] ""Tubará"" ",,,,,,,,,,,,,,,,
"[800] ""Tuchín"" ","[800] ""Tuchín"" ",,,,,,,,,,,,,,,,
"[801] ""Tuluá"" ","[801] ""Tuluá"" ",,,,,,,,,,,,,,,,
"[802] ""Tunja"" ","[802] ""Tunja"" ",,,,,,,,,,,,,,,,
"[803] ""Túquerres"" ","[803] ""Túquerres"" ",,,,,,,,,,,,,,,,
"[804] ""Turbaco"" ","[804] ""Turbaco"" ",,,,,,,,,,,,,,,,
"[805] ""Turbaná"" ","[805] ""Turbaná"" ",,,,,,,,,,,,,,,,
"[806] ""Turbo"" ","[806] ""Turbo"" ",,,,,,,,,,,,,,,,
"[807] ""Ubaque"" ","[807] ""Ubaque"" ",,,,,,,,,,,,,,,,
"[808] ""Ulloa"" ","[808] ""Ulloa"" ",,,,,,,,,,,,,,,,
"[809] ""Umbita"" ","[809] ""Umbita"" ",,,,,,,,,,,,,,,,
"[810] ""Unguía"" ","[810] ""Unguía"" ",,,,,,,,,,,,,,,,
"[811] ""Unión Panamericana"" ","[811] ""Unión Panamericana"" ",,,,,,,,,,,,,,,,
"[812] ""Uramita"" ","[812] ""Uramita"" ",,,,,,,,,,,,,,,,
"[813] ""Uribe"" ","[813] ""Uribe"" ",,,,,,,,,,,,,,,,
"[814] ""Uribia"" ","[814] ""Uribia"" ",,,,,,,,,,,,,,,,
"[815] ""Urrao"" ","[815] ""Urrao"" ",,,,,,,,,,,,,,,,
"[816] ""Urumita"" ","[816] ""Urumita"" ",,,,,,,,,,,,,,,,
"[817] ""Usiacurí"" ","[817] ""Usiacurí"" ",,,,,,,,,,,,,,,,
"[818] ""Útica"" ","[818] ""Útica"" ",,,,,,,,,,,,,,,,
"[819] ""Valdivia"" ","[819] ""Valdivia"" ",,,,,,,,,,,,,,,,
"[820] ""Valencia"" ","[820] ""Valencia"" ",,,,,,,,,,,,,,,,
"[821] ""Valle De San Juan"" ","[821] ""Valle De San Juan"" ",,,,,,,,,,,,,,,,
"[822] ""Valle Del Guamuez"" ","[822] ""Valle Del Guamuez"" ",,,,,,,,,,,,,,,,
"[823] ""Valledupar"" ","[823] ""Valledupar"" ",,,,,,,,,,,,,,,,
"[824] ""Valparaíso"" ","[824] ""Valparaíso"" ",,,,,,,,,,,,,,,,
"[825] ""Vegachí"" ","[825] ""Vegachí"" ",,,,,,,,,,,,,,,,
"[826] ""Vélez"" ","[826] ""Vélez"" ",,,,,,,,,,,,,,,,
"[827] ""Venadillo"" ","[827] ""Venadillo"" ",,,,,,,,,,,,,,,,
"[828] ""Venecia"" ","[828] ""Venecia"" ",,,,,,,,,,,,,,,,
"[829] ""Ventaquemada"" ","[829] ""Ventaquemada"" ",,,,,,,,,,,,,,,,
"[830] ""Vergara"" ","[830] ""Vergara"" ",,,,,,,,,,,,,,,,
"[831] ""Versalles"" ","[831] ""Versalles"" ",,,,,,,,,,,,,,,,
"[832] ""Vetas"" ","[832] ""Vetas"" ",,,,,,,,,,,,,,,,
"[833] ""Vianí"" ","[833] ""Vianí"" ",,,,,,,,,,,,,,,,
"[834] ""Victoria"" ","[834] ""Victoria"" ",,,,,,,,,,,,,,,,
"[835] ""Vigía Del Fuerte"" ","[835] ""Vigía Del Fuerte"" ",,,,,,,,,,,,,,,,
"[836] ""Vijes"" ","[836] ""Vijes"" ",,,,,,,,,,,,,,,,
"[837] ""Villa De Leyva"" ","[837] ""Villa De Leyva"" ",,,,,,,,,,,,,,,,
"[838] ""Villa De San Diego De Ubate"" ","[838] ""Villa De San Diego De Ubate"" ",,,,,,,,,,,,,,,,
"[839] ""Villa Del Rosario"" ","[839] ""Villa Del Rosario"" ",,,,,,,,,,,,,,,,
"[840] ""Villa Rica"" ","[840] ""Villa Rica"" ",,,,,,,,,,,,,,,,
"[841] ""Villagarzón"" ","[841] ""Villagarzón"" ",,,,,,,,,,,,,,,,
"[842] ""Villahermosa"" ","[842] ""Villahermosa"" ",,,,,,,,,,,,,,,,
"[843] ""Villamaría"" ","[843] ""Villamaría"" ",,,,,,,,,,,,,,,,
"[844] ""Villanueva"" ","[844] ""Villanueva"" ",,,,,,,,,,,,,,,,
"[845] ""Villarrica"" ","[845] ""Villarrica"" ",,,,,,,,,,,,,,,,
"[846] ""Villavicencio"" ","[846] ""Villavicencio"" ",,,,,,,,,,,,,,,,
"[847] ""Villavieja"" ","[847] ""Villavieja"" ",,,,,,,,,,,,,,,,
"[848] ""Villeta"" ","[848] ""Villeta"" ",,,,,,,,,,,,,,,,
"[849] ""Viotá"" ","[849] ""Viotá"" ",,,,,,,,,,,,,,,,
"[850] ""Vista Hermosa"" ","[850] ""Vista Hermosa"" ",,,,,,,,,,,,,,,,
"[851] ""Viterbo"" ","[851] ""Viterbo"" ",,,,,,,,,,,,,,,,
"[852] ""Yacopí"" ","[852] ""Yacopí"" ",,,,,,,,,,,,,,,,
"[853] ""Yaguará"" ","[853] ""Yaguará"" ",,,,,,,,,,,,,,,,
"[854] ""Yalí"" ","[854] ""Yalí"" ",,,,,,,,,,,,,,,,
"[855] ""Yarumal"" ","[855] ""Yarumal"" ",,,,,,,,,,,,,,,,
"[856] ""Yavaraté"" ","[856] ""Yavaraté"" ",,,,,,,,,,,,,,,,
"[857] ""Yolombó"" ","[857] ""Yolombó"" ",,,,,,,,,,,,,,,,
"[858] ""Yondó"" ","[858] ""Yondó"" ",,,,,,,,,,,,,,,,
"[859] ""Yopal"" ","[859] ""Yopal"" ",,,,,,,,,,,,,,,,
"[860] ""Yotoco"" ","[860] ""Yotoco"" ",,,,,,,,,,,,,,,,
"[861] ""Yumbo"" ","[861] ""Yumbo"" ",,,,,,,,,,,,,,,,
"[862] ""Zambrano"" ","[862] ""Zambrano"" ",,,,,,,,,,,,,,,,
"[863] ""Zapatoca"" ","[863] ""Zapatoca"" ",,,,,,,,,,,,,,,,
"[864] ""Zapayán"" ","[864] ""Zapayán"" ",,,,,,,,,,,,,,,,
"[865] ""Zaragoza"" ","[865] ""Zaragoza"" ",,,,,,,,,,,,,,,,
"[866] ""Zarzal"" ","[866] ""Zarzal"" ",,,,,,,,,,,,,,,,
"[867] ""Zetaquira"" ","[867] ""Zetaquira"" ",,,,,,,,,,,,,,,,
"[868] ""Zipacón"" ","[868] ""Zipacón"" ",,,,,,,,,,,,,,,,
"[869] ""Zipaquirá"" ","[869] ""Zipaquirá"" ",,,,,,,,,,,,,,,,
"[870] ""Zona Bananera"" ","[870] ""Zona Bananera"" ",,,,,,,,,,,,,,,,
------------------------ ,------------------------ ,,,,,,,,,,,,,,,,
CUALITATIVA ,CUALITATIVA ,,,,,,,,,,,,,,,,
BeneficioTRV ,BeneficioTRV ,,,,,,,,,,,,,,,,
"[1] ""No"" ","[1] ""No"" ",,,,,,,,,,,,,,,,
"[2] ""Sí"" ","[2] ""Sí"" ",,,,,,,,,,,,,,,,
------------------------ ,------------------------ ,,,,,,,,,,,,,,,,
CUALITATIVA ,CUALITATIVA ,,,,,,,,,,,,,,,,
BeneficioFA ,BeneficioFA ,,,,,,,,,,,,,,,,
"[1] ""No"" ","[1] ""No"" ",,,,,,,,,,,,,,,,
"[2] ""Sí"" ","[2] ""Sí"" ",,,,,,,,,,,,,,,,
------------------------ ,------------------------ ,,,,,,,,,,,,,,,,
CUALITATIVA ,CUALITATIVA ,,,,,,,,,,,,,,,,
BeneficioFPT ,BeneficioFPT ,,,,,,,,,,,,,,,,
"[1] ""No"" ","[1] ""No"" ",,,,,,,,,,,,,,,,
"[2] ""Sí"" ","[2] ""Sí"" ",,,,,,,,,,,,,,,,
------------------------ ,------------------------ ,,,,,,,,,,,,,,,,
CUALITATIVA ,CUALITATIVA ,,,,,,,,,,,,,,,,
BeneficioPDT ,BeneficioPDT ,,,,,,,,,,,,,,,,
"[1] ""No"" ","[1] ""No"" ",,,,,,,,,,,,,,,,
"[2] ""Sí"" ","[2] ""Sí"" ",,,,,,,,,,,,,,,,
------------------------ ,------------------------ ,,,,,,,,,,,,,,,,
CUALITATIVA ,CUALITATIVA ,,,,,,,,,,,,,,,,
NivelEducativo ,NivelEducativo ,,,,,,,,,,,,,,,,
"[1] ""Alfabetización"" ","[1] ""Alfabetización"" ",,,,,,,,,,,,,,,,
"[2] ""Bachiller"" ","[2] ""Bachiller"" ",,,,,,,,,,,,,,,,
"[3] ""Básica Primaria"" ","[3] ""Básica Primaria"" ",,,,,,,,,,,,,,,,
"[4] ""Básica Secundaria"" ","[4] ""Básica Secundaria"" ",,,,,,,,,,,,,,,,
------------------------ ,------------------------ ,,,,,,,,,,,,,,,,
CUALITATIVA ,CUALITATIVA ,,,,,,,,,,,,,,,,
MáximoNivelFPT ,MáximoNivelFPT ,,,,,,,,,,,,,,,,
"[1] ""Auxiliar"" ","[1] ""Auxiliar"" ",,,,,,,,,,,,,,,,
"[2] ""Certificación por Evaluación de Competencias"" ","[2] ""Certificación por Evaluación de Competencias"" ",,,,,,,,,,,,,,,,
"[3] ""Complementario"" ","[3] ""Complementario"" ",,,,,,,,,,,,,,,,
"[4] ""Especialización Técnica"" ","[4] ""Especialización Técnica"" ",,,,,,,,,,,,,,,,
"[5] ""Especialización Tecnológica"" ","[5] ""Especialización Tecnológica"" ",,,,,,,,,,,,,,,,
"[6] ""No Aplica"" ","[6] ""No Aplica"" ",,,,,,,,,,,,,,,,
"[7] ""Operario"" ","[7] ""Operario"" ",,,,,,,,,,,,,,,,
"[8] ""Semicalificado"" ","[8] ""Semicalificado"" ",,,,,,,,,,,,,,,,
"[9] ""Técnico"" ","[9] ""Técnico"" ",,,,,,,,,,,,,,,,
"[10] ""Técnico Laboral"" ","[10] ""Técnico Laboral"" ",,,,,,,,,,,,,,,,
"[11] ""Técnico Laboral por Competencias"" ","[11] ""Técnico Laboral por Competencias"" ",,,,,,,,,,,,,,,,
"[12] ""Técnico Profesional"" ","[12] ""Técnico Profesional"" ",,,,,,,,,,,,,,,,
"[13] ""Tecnológico"" ","[13] ""Tecnológico"" ",,,,,,,,,,,,,,,,
"[14] ""Transversal"" ","[14] ""Transversal"" ",,,,,,,,,,,,,,,,
------------------------ ,------------------------ ,,,,,,,,,,,,,,,,
CUALITATIVA ,CUALITATIVA ,,,,,,,,,,,,,,,,
LineaMaximoNivelFPT ,LineaMaximoNivelFPT ,,,,,,,,,,,,,,,,
"[1] ""AGROPECUARIA"" ","[1] ""AGROPECUARIA"" ",,,,,,,,,,,,,,,,
"[2] ""ALIMENTOS Y BEBIDAS"" ","[2] ""ALIMENTOS Y BEBIDAS"" ",,,,,,,,,,,,,,,,
"[3] ""AMBIENTAL"" ","[3] ""AMBIENTAL"" ",,,,,,,,,,,,,,,,
"[4] ""ARTESANIAS Y JOYERIA"" ","[4] ""ARTESANIAS Y JOYERIA"" ",,,,,,,,,,,,,,,,
"[5] ""CARPINTERIA Y EBANISTERIA"" ","[5] ""CARPINTERIA Y EBANISTERIA"" ",,,,,,,,,,,,,,,,
"[6] ""CONFECCION","MARROQUINERIA Y CALZADO"" ","[6] ""CONFECCION","MARROQUINERIA Y CALZADO"" ",,,,,,,,,,,,,,
"[7] ""CONSTRUCCION"" ","[7] ""CONSTRUCCION"" ",,,,,,,,,,,,,,,,
"[8] ""DISEÑO Y ARTES GRAFICAS"" ","[8] ""DISEÑO Y ARTES GRAFICAS"" ",,,,,,,,,,,,,,,,
"[9] ""ELECTRICIDAD"" ","[9] ""ELECTRICIDAD"" ",,,,,,,,,,,,,,,,
"[10] ""ELECTRONICA"" ","[10] ""ELECTRONICA"" ",,,,,,,,,,,,,,,,
"[11] ""ESTETICA"" ","[11] ""ESTETICA"" ",,,,,,,,,,,,,,,,
"[12] ""EXPLOTACION MINERA","PETROLEO Y GAS"" ","[12] ""EXPLOTACION MINERA","PETROLEO Y GAS"" ",,,,,,,,,,,,,,
"[13] ""FINANZAS Y ADMINISTRACION"" ","[13] ""FINANZAS Y ADMINISTRACION"" ",,,,,,,,,,,,,,,,
"[14] ""MECANICA AUTOMOTRIZ Y DE MOTOS"" ","[14] ""MECANICA AUTOMOTRIZ Y DE MOTOS"" ",,,,,,,,,,,,,,,,
"[15] ""MECANICA INDUSTRIAL"" ","[15] ""MECANICA INDUSTRIAL"" ",,,,,,,,,,,,,,,,
"[16] ""MERCADEO Y VENTAS"" ","[16] ""MERCADEO Y VENTAS"" ",,,,,,,,,,,,,,,,
"[17] ""No Aplica"" ","[17] ""No Aplica"" ",,,,,,,,,,,,,,,,
"[18] ""OPERADORES DE MAQUINAS","EQUIPO Y TRANSPORTE"" ","[18] ""OPERADORES DE MAQUINAS","EQUIPO Y TRANSPORTE"" ",,,,,,,,,,,,,,
"[19] ""OTROS"" ","[19] ""OTROS"" ",,,,,,,,,,,,,,,,
"[20] ""SALUD"" ","[20] ""SALUD"" ",,,,,,,,,,,,,,,,
"[21] ""SERVICIOS"" ","[21] ""SERVICIOS"" ",,,,,,,,,,,,,,,,
"[22] ""SISTEMAS"" ","[22] ""SISTEMAS"" ",,,,,,,,,,,,,,,,
"[23] ""TRANSVERSAL"" ","[23] ""TRANSVERSAL"" ",,,,,,,,,,,,,,,,
------------------------ ,------------------------ ,,,,,,,,,,,,,,,,
CUALITATIVA ,CUALITATIVA ,,,,,,,,,,,,,,,,
OcupacionEconomica ,OcupacionEconomica ,,,,,,,,,,,,,,,,
"[1] ""Desocupados"" ","[1] ""Desocupados"" ",,,,,,,,,,,,,,,,
"[2] ""No Aplica"" ","[2] ""No Aplica"" ",,,,,,,,,,,,,,,,
"[3] ""Ocupados en el sector Formal"" ","[3] ""Ocupados en el sector Formal"" ",,,,,,,,,,,,,,,,
"[4] ""Ocupados en el sector Informal"" ","[4] ""Ocupados en el sector Informal"" ",,,,,,,,,,,,,,,,
"[5] ""Población Económicamente Inactiva"" ","[5] ""Población Económicamente Inactiva"" ",,,,,,,,,,,,,,,,
------------------------ ,------------------------ ,,,,,,,,,,,,,,,,
CUALITATIVA ,CUALITATIVA ,,,,,,,,,,,,,,,,
TieneDesembolsoBIE ,TieneDesembolsoBIE ,,,,,,,,,,,,,,,,
"[1] ""No"" ","[1] ""No"" ",,,,,,,,,,,,,,,,
"[2] ""Sí"" ","[2] ""Sí"" ",,,,,,,,,,,,,,,,
------------------------ ,------------------------ ,,,,,,,,,,,,,,,,
CUALITATIVA ,CUALITATIVA ,,,,,,,,,,,,,,,,
TipoBIE ,TipoBIE ,,,,,,,,,,,,,,,,
"[1] ""Educación Superior"" ","[1] ""Educación Superior"" ",,,,,,,,,,,,,,,,
"[2] ""No Aplica"" ","[2] ""No Aplica"" ",,,,,,,,,,,,,,,,
"[3] ""Plan de Negocio"" ","[3] ""Plan de Negocio"" ",,,,,,,,,,,,,,,,
"[4] ""Vivienda"" ","[4] ""Vivienda"" ",,,,,,,,,,,,,,,,
------------------------ ,------------------------ ,,,,,,,,,,,,,,,,
CUALITATIVA ,CUALITATIVA ,,,,,,,,,,,,,,,,
DesembolsoBIE ,DesembolsoBIE ,,,,,,,,,,,,,,,,
"[1] ""Culminado con agotamiento de tiempo para acceder a BIE"" ","[1] ""Culminado con agotamiento de tiempo para acceder a BIE"" ",,,,,,,,,,,,,,,,
"[2] ""Culminado sin agotamiento de tiempo para acceder a BIE"" ","[2] ""Culminado sin agotamiento de tiempo para acceder a BIE"" ",,,,,,,,,,,,,,,,
"[3] ""No está en Proceso"" ","[3] ""No está en Proceso"" ",,,,,,,,,,,,,,,,
"[4] ""No posee desembolso BIE"" ","[4] ""No posee desembolso BIE"" ",,,,,,,,,,,,,,,,
"[5] ""Posee desembolso BIE"" ","[5] ""Posee desembolso BIE"" ",,,,,,,,,,,,,,,,
------------------------ ,------------------------ ,,,,,,,,,,,,,,,,
CUALITATIVA ,CUALITATIVA ,,,,,,,,,,,,,,,,
EstadoISUN ,EstadoISUN ,,,,,,,,,,,,,,,,
"[1] ""Cerrado"" ","[1] ""Cerrado"" ",,,,,,,,,,,,,,,,
"[2] ""En Funcionamiento"" ","[2] ""En Funcionamiento"" ",,,,,,,,,,,,,,,,
"[3] ""No Aplica"" ","[3] ""No Aplica"" ",,,,,,,,,,,,,,,,
"[4] ""Pendiente por visita ISUN"" ","[4] ""Pendiente por visita ISUN"" ",,,,,,,,,,,,,,,,
------------------------ ,------------------------ ,,,,,,,,,,,,,,,,
CUALITATIVA ,CUALITATIVA ,,,,,,,,,,,,,,,,
PoseeServicioSocial ,PoseeServicioSocial ,,,,,,,,,,,,,,,,
"[1] ""No está vinculado a Servicio Social"" ","[1] ""No está vinculado a Servicio Social"" ",,,,,,,,,,,,,,,,
"[2] ""Posee Certificación de Servicio Social"" ","[2] ""Posee Certificación de Servicio Social"" ",,,,,,,,,,,,,,,,
"[3] ""Se encuentra vinculado a Servicio Social"" ","[3] ""Se encuentra vinculado a Servicio Social"" ",,,,,,,,,,,,,,,,
------------------------ ,------------------------ ,,,,,,,,,,,,,,,,
CUALITATIVA ,CUALITATIVA ,,,,,,,,,,,,,,,,
EstadoVinculaciónASS ,EstadoVinculaciónASS ,,,,,,,,,,,,,,,,
"[1] ""Abandono con justa causa"" ","[1] ""Abandono con justa causa"" ",,,,,,,,,,,,,,,,
"[2] ""Abandono sin justa causa"" ","[2] ""Abandono sin justa causa"" ",,,,,,,,,,,,,,,,
"[3] ""Certificado"" ","[3] ""Certificado"" ",,,,,,,,,,,,,,,,
"[4] ""No Aplica"" ","[4] ""No Aplica"" ",,,,,,,,,,,,,,,,
"[5] ""No vinculado por limitaciones físicas o mentales permanentes certificadas"" ","[5] ""No vinculado por limitaciones físicas o mentales permanentes certificadas"" ",,,,,,,,,,,,,,,,
"[6] ""Vinculado"" ","[6] ""Vinculado"" ",,,,,,,,,,,,,,,,
------------------------ ,------------------------ ,,,,,,,,,,,,,,,,
CUALITATIVA ,CUALITATIVA ,,,,,,,,,,,,,,,,
TipoASSVinculada ,TipoASSVinculada ,,,,,,,,,,,,,,,,
"[1] ""Acompañamiento a la atención en Salud y atención Alimentaria a comunidades vulnerables"" ","[1] ""Acompañamiento a la atención en Salud y atención Alimentaria a comunidades vulnerables"" ",,,,,,,,,,,,,,,,
"[2] ""Aporte de habilidades Especiales que le participante ponga a disposición de la comunidad"" ","[2] ""Aporte de habilidades Especiales que le participante ponga a disposición de la comunidad"" ",,,,,,,,,,,,,,,,
"[3] ""Embellecimiento de Espacio Publico"" ","[3] ""Embellecimiento de Espacio Publico"" ",,,,,,,,,,,,,,,,
"[4] ""Generación de espacios de recreación",Arte,"Cultura y Deporte"" ","[4] ""Generación de espacios de recreación",Arte,"Cultura y Deporte"" ",,,,,,,,,,,,
"[5] ""Multiplicadores del Conocimiento"" ","[5] ""Multiplicadores del Conocimiento"" ",,,,,,,,,,,,,,,,
"[6] ""No Aplica"" ","[6] ""No Aplica"" ",,,,,,,,,,,,,,,,
"[7] ""Recuperación Ambiental"" ","[7] ""Recuperación Ambiental"" ",,,,,,,,,,,,,,,,
------------------------ ,------------------------ ,,,,,,,,,,,,,,,,
CUALITATIVA ,CUALITATIVA ,,,,,,,,,,,,,,,,
PoseeCensoFamilia ,PoseeCensoFamilia ,,,,,,,,,,,,,,,,
"[1] ""No"" ","[1] ""No"" ",,,,,,,,,,,,,,,,
"[2] ""Sí"" ","[2] ""Sí"" ",,,,,,,,,,,,,,,,
------------------------ ,------------------------ ,,,,,,,,,,,,,,,,
CUALITATIVA ,CUALITATIVA ,,,,,,,,,,,,,,,,
PoseePareja ,PoseePareja ,,,,,,,,,,,,,,,,
"[1] ""No"" ","[1] ""No"" ",,,,,,,,,,,,,,,,
"[2] ""No Aplica"" ","[2] ""No Aplica"" ",,,,,,,,,,,,,,,,
"[3] ""Sí"" ","[3] ""Sí"" ",,,,,,,,,,,,,,,,
------------------------ ,------------------------ ,,,,,,,,,,,,,,,,
CUANTITATIVA ,CUANTITATIVA ,,,,,,,,,,,,,,,,
NroHijos ,NroHijos ,,,,,,,,,,,,,,,,
MINIMO: -1 MAXIMO: 11 ,MINIMO: -1 MAXIMO: 11 ,,,,,,,,,,,,,,,,
------------------------ ,------------------------ ,,,,,,,,,,,,,,,,
CUANTITATIVA ,CUANTITATIVA ,,,,,,,,,,,,,,,,
NroGrupoFamiliar ,NroGrupoFamiliar ,,,,,,,,,,,,,,,,
MINIMO: -1 MAXIMO: 28 ,MINIMO: -1 MAXIMO: 28 ,,,,,,,,,,,,,,,,
------------------------ ,------------------------ ,,,,,,,,,,,,,,,,
CUALITATIVA ,CUALITATIVA ,,,,,,,,,,,,,,,,
CensoHabitabilidad ,CensoHabitabilidad ,,,,,,,,,,,,,,,,
"[1] ""No"" ","[1] ""No"" ",,,,,,,,,,,,,,,,
"[2] ""Sí"" ","[2] ""Sí"" ",,,,,,,,,,,,,,,,
------------------------ ,------------------------ ,,,,,,,,,,,,,,,,
CUALITATIVA ,CUALITATIVA ,,,,,,,,,,,,,,,,
TipoVivienda ,TipoVivienda ,,,,,,,,,,,,,,,,
"[1] ""Apartamento"" ","[1] ""Apartamento"" ",,,,,,,,,,,,,,,,
"[2] ""Casa"" ","[2] ""Casa"" ",,,,,,,,,,,,,,,,
"[3] ""Casa-Lote"" ","[3] ""Casa-Lote"" ",,,,,,,,,,,,,,,,
"[4] ""Cuarto(s)"" ","[4] ""Cuarto(s)"" ",,,,,,,,,,,,,,,,
"[5] ""Finca"" ","[5] ""Finca"" ",,,,,,,,,,,,,,,,
"[6] ""Habitación"" ","[6] ""Habitación"" ",,,,,,,,,,,,,,,,
"[7] ""No Aplica"" ","[7] ""No Aplica"" ",,,,,,,,,,,,,,,,
"[8] ""Otro"" ","[8] ""Otro"" ",,,,,,,,,,,,,,,,
"[9] ""Otro tipo de vivienda (carpa",tienda,vagón,embarcación,cueva,refugio natural,puente,calle,"etc.)"" ","[9] ""Otro tipo de vivienda (carpa",tienda,vagón,embarcación,cueva,refugio natural,puente,calle,"etc.)"" "
"[10] ""Rancho"" ","[10] ""Rancho"" ",,,,,,,,,,,,,,,,
"[11] ""Vivienda (casa) indígena"" ","[11] ""Vivienda (casa) indígena"" ",,,,,,,,,,,,,,,,
------------------------ ,------------------------ ,,,,,,,,,,,,,,,,
CUALITATIVA ,CUALITATIVA ,,,,,,,,,,,,,,,,
RegimenTenenciaVivienda ,RegimenTenenciaVivienda ,,,,,,,,,,,,,,,,
"[1] ""Con permiso del propietario","sin pago alguno"" ","[1] ""Con permiso del propietario","sin pago alguno"" ",,,,,,,,,,,,,,
"[2] ""En arriendo o subarriendo"" ","[2] ""En arriendo o subarriendo"" ",,,,,,,,,,,,,,,,
"[3] ""Es usufructo"" ","[3] ""Es usufructo"" ",,,,,,,,,,,,,,,,
"[4] ""Familiar"" ","[4] ""Familiar"" ",,,,,,,,,,,,,,,,
"[5] ""No Aplica"" ","[5] ""No Aplica"" ",,,,,,,,,,,,,,,,
"[6] ""Otra forma de tenencia  (posesión sin título",ocupante de hecho,propiedad colectiva,"etc)"" ","[6] ""Otra forma de tenencia  (posesión sin título",ocupante de hecho,propiedad colectiva,"etc)"" ",,,,,,,,,,
"[7] ""Posesión sin título (ocupante de hecho) o propiedad colectiva"" ","[7] ""Posesión sin título (ocupante de hecho) o propiedad colectiva"" ",,,,,,,,,,,,,,,,
"[8] ""Propia","la están pagando"" ","[8] ""Propia","la están pagando"" ",,,,,,,,,,,,,,
"[9] ""Propia","totalmente pagada"" ","[9] ""Propia","totalmente pagada"" ",,,,,,,,,,,,,,
"[10] ""Sana posesión con título"" ","[10] ""Sana posesión con título"" ",,,,,,,,,,,,,,,,
------------------------ ,------------------------ ,,,,,,,,,,,,,,,,
CUALITATIVA ,CUALITATIVA ,,,,,,,,,,,,,,,,
ServiciosPúblicos ,ServiciosPúblicos ,,,,,,,,,,,,,,,,
"[1] ""No"" ","[1] ""No"" ",,,,,,,,,,,,,,,,
"[2] ""No Aplica"" ","[2] ""No Aplica"" ",,,,,,,,,,,,,,,,
"[3] ""Sí"" ","[3] ""Sí"" ",,,,,,,,,,,,,,,,
------------------------ ,------------------------ ,,,,,,,,,,,,,,,,
CUALITATIVA ,CUALITATIVA ,,,,,,,,,,,,,,,,
RégimenSalud ,RégimenSalud ,,,,,,,,,,,,,,,,
"[1] ""C - CONTRIBUTIVO"" ","[1] ""C - CONTRIBUTIVO"" ",,,,,,,,,,,,,,,,
"[2] ""S - SUBSIDIADO"" ","[2] ""S - SUBSIDIADO"" ",,,,,,,,,,,,,,,,
------------------------ ,------------------------ ,,,,,,,,,,,,,,,,
CUALITATIVA ,CUALITATIVA ,,,,,,,,,,,,,,,,
ClasificaciónComponente ,ClasificaciónComponente ,,,,,,,,,,,,,,,,
"[1] ""Adulto Mayor"" ","[1] ""Adulto Mayor"" ",,,,,,,,,,,,,,,,
"[2] ""Discapacidad Cognitiva"" ","[2] ""Discapacidad Cognitiva"" ",,,,,,,,,,,,,,,,
"[3] ""Discapacidad física"" ","[3] ""Discapacidad física"" ",,,,,,,,,,,,,,,,
"[4] ""Discapacidad Múltiple"" ","[4] ""Discapacidad Múltiple"" ",,,,,,,,,,,,,,,,
"[5] ""Discapacidad psicosocial o mental"" ","[5] ""Discapacidad psicosocial o mental"" ",,,,,,,,,,,,,,,,
"[6] ""Discapacidad psicosocial o mental asociada a conductas adictivas"" ","[6] ""Discapacidad psicosocial o mental asociada a conductas adictivas"" ",,,,,,,,,,,,,,,,
"[7] ""Discapacidad psicosocial o mental no asociada a conductas adictivas"" ","[7] ""Discapacidad psicosocial o mental no asociada a conductas adictivas"" ",,,,,,,,,,,,,,,,
"[8] ""Discapacidad sensorial"" ","[8] ""Discapacidad sensorial"" ",,,,,,,,,,,,,,,,
"[9] ""Enfermedad de alto costo"" ","[9] ""Enfermedad de alto costo"" ",,,,,,,,,,,,,,,,
"[10] ""No Aplica"" ","[10] ""No Aplica"" ",,,,,,,,,,,,,,,,
------------------------ ,------------------------ ,,,,,,,,,,,,,,,,
